pa_id;Year;Correct;Occupation;Household_position;hisco1;hisco2;hisco3;hisco4;hisco5;en_hisco_text1;en_hisco_text2;en_hisco_text3;en_hisco_text4;en_hisco_text5
1002964;1845;1;deres BÃ¸rn;NA;NA;NA;NA;NA;NA;NA;NA;NA;NA;NA
438377;1850;1;hans kone;NA;NA;NA;NA;NA;NA;NA;NA;NA;NA;NA
1209500;1845;1;deres bÃ¸rn;NA;NA;NA;NA;NA;NA;NA;NA;NA;NA;NA
532952;1850;1;Sypige;NA;79510;NA;NA;NA;NA;Hand and Machine Sewer, General;NA;NA;NA;NA
895376;1834;1;Deres BÃ¸rn;NA;NA;NA;NA;NA;NA;NA;NA;NA;NA;NA
387680;1850;1;deres BÃ¸rn [Christian Freschow og Larsine Just];NA;NA;NA;NA;NA;NA;NA;NA;NA;NA;NA
549377;1850;1;deres bÃ¸rn;NA;NA;NA;NA;NA;NA;NA;NA;NA;NA;NA
504710;1834;1;Gaardmand;NA;61110;NA;NA;NA;NA;General Farmer;NA;NA;NA;NA
1417984;1860;1;NA;hans Kone;NA;NA;NA;NA;NA;NA;NA;NA;NA;NA
549178;1901;1;NA;Barn;NA;NA;NA;NA;NA;NA;NA;NA;NA;NA
660114;1840;1;Barn;NA;NA;NA;NA;NA;NA;NA;NA;NA;NA;NA
261149;1787;1;FÃ¦ste-gÃ¥rdmand;Mand;61110;NA;NA;NA;NA;General Farmer;NA;NA;NA;NA
994297;1840;1;Tienestefolk;NA;62120;NA;NA;NA;NA;Farm Servant;NA;NA;NA;NA
1365561;1880;1;NA;Arbeiderske;99900;NA;NA;NA;NA;Worker, No Further Information;NA;NA;NA;NA
1196677;1850;1;Deres BÃ¸rn;NA;NA;NA;NA;NA;NA;NA;NA;NA;NA;NA
760520;1834;1;Hans Kone;NA;NA;NA;NA;NA;NA;NA;NA;NA;NA;NA
629025;1834;1;deres sÃ¸n;NA;NA;NA;NA;NA;NA;NA;NA;NA;NA;NA
1975319;1901;1;NA;Husmoder;NA;NA;NA;NA;NA;NA;NA;NA;NA;NA
1413917;1860;1;NA;Husfader. KÃ¸bmand;41025;NA;NA;NA;NA;Working Proprietor (Wholesale or Retail Trade);NA;NA;NA;NA
709581;1901;1;NA;Husmoder;NA;NA;NA;NA;NA;NA;NA;NA;NA;NA
1263083;1840;1;tjenestepige;NA;62120;NA;NA;NA;NA;Farm Servant;NA;NA;NA;NA
1823356;1901;1;Gaardejer;Husfader;61110;NA;NA;NA;NA;General Farmer;NA;NA;NA;NA
848309;1801;1;NA;Deres BÃ¸rn;NA;NA;NA;NA;NA;NA;NA;NA;NA;NA
151270;1845;1;hans kone;NA;NA;NA;NA;NA;NA;NA;NA;NA;NA;NA
405381;1880;1;Grosserer;NA;41020;NA;NA;NA;NA;Working Proprietor (Wholesale Trade);NA;NA;NA;NA
727433;1860;1;NA;hendes Datter;NA;NA;NA;NA;NA;NA;NA;NA;NA;NA
781143;1840;1;deres Datter;NA;NA;NA;NA;NA;NA;NA;NA;NA;NA;NA
687777;1834;1;Hans Kone;NA;NA;NA;NA;NA;NA;NA;NA;NA;NA;NA
1477760;1901;1;NA;AftÃ¦gtsmand;NA;NA;NA;NA;NA;NA;NA;NA;NA;NA
1338180;1860;1;NA;Deres SÃ¸n;NA;NA;NA;NA;NA;NA;NA;NA;NA;NA
944885;1850;1;Deres BÃ¸rn;NA;NA;NA;NA;NA;NA;NA;NA;NA;NA;NA
499784;1787;1;Bonde og Gaardmand;Hosbonde;61110;NA;NA;NA;NA;General Farmer;NA;NA;NA;NA
263690;1850;1;Huusmand, Huusfader og Arbejdsmand;NA;62105;99900;NA;NA;NA;FarmWorker, General;Worker, No Further Information;NA;NA;NA
278140;1845;1;HandelsfuldmÃ¦gtig;NA;45125;NA;NA;NA;NA;Salesperson, Wholesale or Retail Trade;NA;NA;NA;NA
73777;1850;1;Huusmand, lever isÃ¦r af sin Jordlod, tÃ¦rsker for tiden i Roeskilde, Huusfader;NA;62120;NA;NA;NA;NA;Farm Servant;NA;NA;NA;NA
793810;1845;1;deres BÃ¸rn;NA;NA;NA;NA;NA;NA;NA;NA;NA;NA;NA
81288;1787;1;NA;Tienestefolk;62120;NA;NA;NA;NA;Farm Servant;NA;NA;NA;NA
538853;1840;1;hans Kone;NA;NA;NA;NA;NA;NA;NA;NA;NA;NA;NA
173496;1834;1;deres BÃ¸rn;NA;NA;NA;NA;NA;NA;NA;NA;NA;NA;NA
553070;1880;0;Farver;NA;NA;NA;NA;NA;NA;NA;NA;NA;NA;NA
849220;1840;1;deres BÃ¸rn;NA;NA;NA;NA;NA;NA;NA;NA;NA;NA;NA
595960;1801;1;NA;Hans Kone;NA;NA;NA;NA;NA;NA;NA;NA;NA;NA
638311;1901;1;NA;Husfader;NA;NA;NA;NA;NA;NA;NA;NA;NA;NA
1665322;1860;1;NA;Mejeriin??;62510;NA;NA;NA;NA;Dairy Farm Worker, General;NA;NA;NA;NA
894074;1840;1;deres BÃ¸rn;NA;NA;NA;NA;NA;NA;NA;NA;NA;NA;NA
1042611;1834;1;AftÃ¦gtsmand;NA;NA;NA;NA;NA;NA;NA;NA;NA;NA;NA
1128525;1901;1;NA;Husmoder;NA;NA;NA;NA;NA;NA;NA;NA;NA;NA
245982;1787;1;NA;Barn af Konens fÃ¸rste Ã†gteskab;NA;NA;NA;NA;NA;NA;NA;NA;NA;NA
515174;1787;1;NA;Deres bÃ¸rn;NA;NA;NA;NA;NA;NA;NA;NA;NA;NA
1145018;1850;1;deres BÃ¸rn;NA;NA;NA;NA;NA;NA;NA;NA;NA;NA;NA
944696;1850;1;Hans Kone;NA;NA;NA;NA;NA;NA;NA;NA;NA;NA;NA
893607;1845;1;Deres barn;NA;NA;NA;NA;NA;NA;NA;NA;NA;NA;NA
337128;1787;1;NA;barn;NA;NA;NA;NA;NA;NA;NA;NA;NA;NA
722585;1845;1;Deres  bÃ¸rn;NA;NA;NA;NA;NA;NA;NA;NA;NA;NA;NA
423902;1845;1;hans kone;NA;NA;NA;NA;NA;NA;NA;NA;NA;NA;NA
1636855;1880;1;NA;Deres BÃ¸rn;NA;NA;NA;NA;NA;NA;NA;NA;NA;NA
376837;1834;1;Deres bÃ¸rn;NA;NA;NA;NA;NA;NA;NA;NA;NA;NA;NA
906130;1860;1;NA;sammes Datter;NA;NA;NA;NA;NA;NA;NA;NA;NA;NA
647897;1840;1;Tjenestekarl;NA;62120;NA;NA;NA;NA;Farm Servant;NA;NA;NA;NA
1559221;1880;1;NA;deres bÃ¸rn;NA;NA;NA;NA;NA;NA;NA;NA;NA;NA
985556;1850;1;hans kone;NA;NA;NA;NA;NA;NA;NA;NA;NA;NA;NA
1687580;1860;1;NA;hans kone;NA;NA;NA;NA;NA;NA;NA;NA;NA;NA
451880;1834;1;hans sÃ¸n;NA;NA;NA;NA;NA;NA;NA;NA;NA;NA;NA
183785;1850;1;Deres Barn;NA;NA;NA;NA;NA;NA;NA;NA;NA;NA;NA
875683;1901;1;Grosserer;NA;41020;NA;NA;NA;NA;Working Proprietor (Wholesale Trade);NA;NA;NA;NA
1435945;1845;1;parselist og skomager;NA;80110;NA;NA;NA;NA;Shoemaker, General;NA;NA;NA;NA
529767;1880;1;NA;Hans Kone;NA;NA;NA;NA;NA;NA;NA;NA;NA;NA
1897933;1880;1;NA;Soldat ved 11.battaillon;58340;NA;NA;NA;NA;Other Military Ranks;NA;NA;NA;NA
958953;1860;1;NA;Deres bÃ¸rn;NA;NA;NA;NA;NA;NA;NA;NA;NA;NA
2053761;1901;1;Gaardejer;Husfader;61110;NA;NA;NA;NA;General Farmer;NA;NA;NA;NA
1040531;1901;1;Gaardejerske;Husmoder;61110;NA;NA;NA;NA;General Farmer;NA;NA;NA;NA
119511;1801;1;NA;Tjenestekarl;62120;NA;NA;NA;NA;Farm Servant;NA;NA;NA;NA
329953;1845;1;en Datter;NA;NA;NA;NA;NA;NA;NA;NA;NA;NA;NA
989632;1880;1;Tjenestefolk;Tjenestefolk;62120;NA;NA;NA;NA;Farm Servant;NA;NA;NA;NA
681779;1880;1;NA;deres barn;NA;NA;NA;NA;NA;NA;NA;NA;NA;NA
131493;1901;1;NA;slÃ¦gtning;NA;NA;NA;NA;NA;NA;NA;NA;NA;NA
871442;1860;1;NA;Huusfader gaardmand;61110;NA;NA;NA;NA;General Farmer;NA;NA;NA;NA
1107493;1845;1;Hans hustrue;NA;NA;NA;NA;NA;NA;NA;NA;NA;NA;NA
637597;1901;1;Bankassistent;Husfader;33135;NA;NA;NA;NA;Cashier, Office or Cash Desk;NA;NA;NA;NA
874006;1845;1;deres bÃ¸rn;NA;NA;NA;NA;NA;NA;NA;NA;NA;NA;NA
1520032;1860;1;NA;*deres Barn;NA;NA;NA;NA;NA;NA;NA;NA;NA;NA
1281976;1850;1;deres BÃ¸rn;NA;NA;NA;NA;NA;NA;NA;NA;NA;NA;NA
520323;1840;1;tjenestefolk;NA;62120;NA;NA;NA;NA;Farm Servant;NA;NA;NA;NA
430701;1850;1;Tjenestefolk;NA;62120;NA;NA;NA;NA;Farm Servant;NA;NA;NA;NA
382979;1845;1;hans kone;NA;NA;NA;NA;NA;NA;NA;NA;NA;NA;NA
513318;1880;1;NA;NA;NA;NA;NA;NA;NA;NA;NA;NA;NA;NA
897989;1901;1;NA;NA;NA;NA;NA;NA;NA;NA;NA;NA;NA;NA
615451;1880;1;NA;Datter;NA;NA;NA;NA;NA;NA;NA;NA;NA;NA
820293;1801;0;Hus Kone uden Jord;Kone;61115;NA;NA;NA;NA;Small Subsistence Farmer (Husbandman);NA;NA;NA;NA
1365457;1880;1;NA;Hans sÃ¸n;NA;NA;NA;NA;NA;NA;NA;NA;NA;NA
863737;1880;1;NA;Deres BÃ¸rn;NA;NA;NA;NA;NA;NA;NA;NA;NA;NA
1831851;1880;1;NA;barn;NA;NA;NA;NA;NA;NA;NA;NA;NA;NA
886881;1850;1;Husmand og daglejer;NA;62105;99920;NA;NA;NA;FarmWorker, General;DayLabourer;NA;NA;NA
747182;1901;1;NA;Barn;NA;NA;NA;NA;NA;NA;NA;NA;NA;NA
70720;1834;1;Almisselem;NA;NA;NA;NA;NA;NA;NA;NA;NA;NA;NA
1744898;1880;1;NA;Deres Barn;NA;NA;NA;NA;NA;NA;NA;NA;NA;NA
662003;1860;1;NA;tjenestefolk;62120;NA;NA;NA;NA;Farm Servant;NA;NA;NA;NA
926962;1880;1;NA;Husfader, Gaardmand;61110;NA;NA;NA;NA;General Farmer;NA;NA;NA;NA
318905;1840;0;efter Margistrator Brylle ved pris christians regiment;NA;NA;NA;NA;NA;NA;NA;NA;NA;NA;NA
1093267;1834;1;GÃ¥rdmand.;NA;61110;NA;NA;NA;NA;General Farmer;NA;NA;NA;NA
834655;1787;1;NA;Barn;NA;NA;NA;NA;NA;NA;NA;NA;NA;NA
1254822;1901;1;NA;sÃ¸n;NA;NA;NA;NA;NA;NA;NA;NA;NA;NA
2365789;1901;0;Expeditrice;Logerende;NA;NA;NA;NA;NA;NA;NA;NA;NA;NA
573095;1850;1;aftÃ¦gtskone;NA;NA;NA;NA;NA;NA;NA;NA;NA;NA;NA
1362096;1880;1;NA;Deres Barn, Sypige;79510;NA;NA;NA;NA;Hand and Machine Sewer, General;NA;NA;NA;NA
2329293;1901;1;NA;barn;NA;NA;NA;NA;NA;NA;NA;NA;NA;NA
906295;1845;1;Deres barn;NA;NA;NA;NA;NA;NA;NA;NA;NA;NA;NA
509691;1860;1;NA;Kone;NA;NA;NA;NA;NA;NA;NA;NA;NA;NA
551900;1801;1;-;Deres SÃ¸n;NA;NA;NA;NA;NA;NA;NA;NA;NA;NA
1189477;1845;0;Heuerling, leben z.Th. von Almosen;NA;NA;NA;NA;NA;NA;NA;NA;NA;NA;NA
1422334;1880;1;NA;Hans Kone;NA;NA;NA;NA;NA;NA;NA;NA;NA;NA
431324;1860;0;NA;Huusfaderens BÃ¸rn;62120;NA;NA;NA;NA;Farm Servant;NA;NA;NA;NA
1161286;1880;1;NA;Tjenestefolk;62120;NA;NA;NA;NA;Farm Servant;NA;NA;NA;NA
1588222;1880;1;NA;Husmand;62105;NA;NA;NA;NA;FarmWorker, General;NA;NA;NA;NA
527246;1834;1;Lever af Dagleje;NA;99920;NA;NA;NA;NA;DayLabourer;NA;NA;NA;NA
355310;1880;1;NA;Konens Moder;NA;NA;NA;NA;NA;NA;NA;NA;NA;NA
127371;1834;1;hans kone;NA;NA;NA;NA;NA;NA;NA;NA;NA;NA;NA
1122083;1840;1;deres bÃ¸rn;NA;NA;NA;NA;NA;NA;NA;NA;NA;NA;NA
1579491;1901;1;Tjenestepige ved Agerbruget;Tjenestepige;62120;NA;NA;NA;NA;Farm Servant;NA;NA;NA;NA
392197;1840;1;Tjenestefolk [Rasmus Christiansen og Johanne Hansdatter];NA;62120;NA;NA;NA;NA;Farm Servant;NA;NA;NA;NA
658725;1840;1;Kone;NA;NA;NA;NA;NA;NA;NA;NA;NA;NA;NA
101860;1845;1;Seine Frau;NA;NA;NA;NA;NA;NA;NA;NA;NA;NA;NA
947942;1901;1;NA;Husmoder;NA;NA;NA;NA;NA;NA;NA;NA;NA;NA
1126762;1834;1;deres sÃ¸n;NA;NA;NA;NA;NA;NA;NA;NA;NA;NA;NA
310957;1845;1;Deres datter;NA;NA;NA;NA;NA;NA;NA;NA;NA;NA;NA
62776;1834;1;wÃ¦ver.;NA;75400;NA;NA;NA;NA;Weaver, Specialisation Unknown;NA;NA;NA;NA
675403;1840;1;deres BÃ¸rn;NA;NA;NA;NA;NA;NA;NA;NA;NA;NA;NA
1231492;1860;1;NA;deres Barn;NA;NA;NA;NA;NA;NA;NA;NA;NA;NA
1181588;1845;1;Inderste, Almisselem;NA;NA;NA;NA;NA;NA;NA;NA;NA;NA;NA
1487422;1880;1;Deres barn;Deres barn;NA;NA;NA;NA;NA;NA;NA;NA;NA;NA
294454;1860;1;NA;Tjenestepige;62120;NA;NA;NA;NA;Farm Servant;NA;NA;NA;NA
5676;1840;1;deres barn;NA;NA;NA;NA;NA;NA;NA;NA;NA;NA;NA
564814;1840;1;hans kone;NA;NA;NA;NA;NA;NA;NA;NA;NA;NA;NA
131954;1834;1;Deres BÃ¸rn;NA;NA;NA;NA;NA;NA;NA;NA;NA;NA;NA
1104995;1850;1;hans Kone;NA;NA;NA;NA;NA;NA;NA;NA;NA;NA;NA
583420;1901;1;NA;Tyende;62120;NA;NA;NA;NA;Farm Servant;NA;NA;NA;NA
2279412;1901;1;maskinarbejder;logerende;99930;NA;NA;NA;NA;Factory Worker;NA;NA;NA;NA
1820470;1880;1;NA;SmedelÃ¦rling;83110;NA;NA;NA;NA;Blacksmith, General;NA;NA;NA;NA
1626369;1901;1;Husbestyrerinde;Husmoder;22430;NA;NA;NA;NA;Housekeeper (Private Service);NA;NA;NA;NA
1613502;1860;1;NA;ForsÃ¸rges af Aabenraa FattigvÃ¦sen;NA;NA;NA;NA;NA;NA;NA;NA;NA;NA
993623;1880;1;NA;Husmoder;NA;NA;NA;NA;NA;NA;NA;NA;NA;NA
1840592;1880;1;NA;PleiesÃ¸n;NA;NA;NA;NA;NA;NA;NA;NA;NA;NA
1172688;1880;1;NA;Husfader Jordbruger;61110;NA;NA;NA;NA;General Farmer;NA;NA;NA;NA
269354;1880;1;NA;Deres Barn;NA;NA;NA;NA;NA;NA;NA;NA;NA;NA
599052;1901;1;NA;Husmoder;NA;NA;NA;NA;NA;NA;NA;NA;NA;NA
1362360;1845;1;Kinder;NA;NA;NA;NA;NA;NA;NA;NA;NA;NA;NA
921009;1880;0;NA;deres SÃ¸n. TrÃ¦skomager;81990;NA;NA;NA;NA;Other Cabinetmakers and Related Woodworkers;NA;NA;NA;NA
983042;1901;1;AlderdomsunderstÃ¸ttelse;Husmoder;NA;NA;NA;NA;NA;NA;NA;NA;NA;NA
611435;1787;0;Bonde, Huusmand og Dagleier;Mand;61110;62105;NA;NA;NA;General Farmer;FarmWorker, General;NA;NA;NA
912874;1880;1;NA;Husfader, Gaardeier;61110;NA;NA;NA;NA;General Farmer;NA;NA;NA;NA
2498;1787;1;NA;Barn;NA;NA;NA;NA;NA;NA;NA;NA;NA;NA
1458542;1860;1;NA;Deres Barn;NA;NA;NA;NA;NA;NA;NA;NA;NA;NA
858630;1860;1;NA;[deres sÃ¸n];NA;NA;NA;NA;NA;NA;NA;NA;NA;NA
255480;1901;1;FattighjÃ¦lp;Husmoder;NA;NA;NA;NA;NA;NA;NA;NA;NA;NA
160386;1880;1;NA;Hans kone;NA;NA;NA;NA;NA;NA;NA;NA;NA;NA
1190528;1850;1;Hans Datter;NA;NA;NA;NA;NA;NA;NA;NA;NA;NA;NA
1126194;1860;1;NA;Deres SÃ¸n;NA;NA;NA;NA;NA;NA;NA;NA;NA;NA
335312;1840;1;hans kone;NA;NA;NA;NA;NA;NA;NA;NA;NA;NA;NA
1304216;1901;1;Husejer;Husfader;62105;NA;NA;NA;NA;FarmWorker, General;NA;NA;NA;NA
1161224;1850;1;Tjenestefolk;NA;62120;NA;NA;NA;NA;Farm Servant;NA;NA;NA;NA
159081;1834;1;Tjenestefolk;NA;62120;NA;NA;NA;NA;Farm Servant;NA;NA;NA;NA
1023306;1860;1;NA;Deres bÃ¸rn;NA;NA;NA;NA;NA;NA;NA;NA;NA;NA
854835;1801;1;NA;Kone;NA;NA;NA;NA;NA;NA;NA;NA;NA;NA
742267;1834;1;Deres barn;NA;NA;NA;NA;NA;NA;NA;NA;NA;NA;NA
382472;1801;1;NA;Tjenestepige;62120;NA;NA;NA;NA;Farm Servant;NA;NA;NA;NA
1604803;1901;1;Landbruger;Husfader;61110;NA;NA;NA;NA;General Farmer;NA;NA;NA;NA
1028247;1850;1;SÃ¸n;NA;NA;NA;NA;NA;NA;NA;NA;NA;NA;NA
119037;1901;1;Kellner;Barn;62120;NA;NA;NA;NA;Farm Servant;NA;NA;NA;NA
296889;1880;1;NA;deres bÃ¸rn;NA;NA;NA;NA;NA;NA;NA;NA;NA;NA
1027639;1901;1;FattighjÃ¦lp;SlÃ¦gtning;NA;NA;NA;NA;NA;NA;NA;NA;NA;NA
2204426;1901;1;Ved landbruget;Barn;62120;NA;NA;NA;NA;Farm Servant;NA;NA;NA;NA
20969;1840;1;Fisker;NA;64100;NA;NA;NA;NA;Fisherman, DeepSea or Inland and Coastal Water;NA;NA;NA;NA
1189589;1850;1;deres BÃ¸rn;NA;NA;NA;NA;NA;NA;NA;NA;NA;NA;NA
438653;1840;0;BÃ¸rn [Hans Christian Larsen Halling og Else Marie Pedersdatter];NA;62120;NA;NA;NA;NA;Farm Servant;NA;NA;NA;NA
415395;1840;0;hendes BÃ¸rn [Ane Marie JÃ¸rgensdatter];NA;NA;NA;NA;NA;NA;NA;NA;NA;NA;NA
559217;1901;1;NA;Barn;NA;NA;NA;NA;NA;NA;NA;NA;NA;NA
124843;1860;1;NA;Husfader. Gaardmand. Sognefoged;20210;61110;NA;NA;NA;Government Administrator;General Farmer;NA;NA;NA
612107;1880;1;NA;Hans Kone;NA;NA;NA;NA;NA;NA;NA;NA;NA;NA
93036;1834;1;Tjenestekarl;NA;62120;NA;NA;NA;NA;Farm Servant;NA;NA;NA;NA
1254618;1840;1;Deres barn;NA;NA;NA;NA;NA;NA;NA;NA;NA;NA;NA
661855;1880;1;NA;tjenestedreng;62120;NA;NA;NA;NA;Farm Servant;NA;NA;NA;NA
664177;1880;1;NA;barn;NA;NA;NA;NA;NA;NA;NA;NA;NA;NA
657628;1834;0;Skolepatron og Gaardmand, samt Fattigforstander;NA;61110;NA;NA;NA;NA;General Farmer;NA;NA;NA;NA
591631;1901;1;NA;Barn;NA;NA;NA;NA;NA;NA;NA;NA;NA;NA
697522;1840;1;hans Kone;NA;NA;NA;NA;NA;NA;NA;NA;NA;NA;NA
1134221;1834;1;Godsforvalter og Jordbruger;NA;22520;61110;NA;NA;NA;Farm Supervisor;General Farmer;NA;NA;NA
871266;1880;1;NA;deres Barn;NA;NA;NA;NA;NA;NA;NA;NA;NA;NA
512792;1860;1;NA;Kleinsmed;83990;NA;NA;NA;NA;Other Blacksmiths, Toolmakers and MachineTool Operators Not Elsewhere Classified;NA;NA;NA;NA
749242;1845;1;Underkorporal 5te dragon regiment;NA;58330;NA;NA;NA;NA;NonCommissioned Officer;NA;NA;NA;NA
135024;1834;1;Tjenestefolk;NA;62120;NA;NA;NA;NA;Farm Servant;NA;NA;NA;NA
126708;1880;1;NA;Deres barn;NA;NA;NA;NA;NA;NA;NA;NA;NA;NA
719704;1834;1;hans BÃ¸rn;NA;NA;NA;NA;NA;NA;NA;NA;NA;NA;NA
43626;1901;1;Jordbruger, parselist;Husfader;61110;NA;NA;NA;NA;General Farmer;NA;NA;NA;NA
1868;1901;1;Landmand;Husfader;61110;NA;NA;NA;NA;General Farmer;NA;NA;NA;NA
773732;1860;1;NA;Har Gaarden;61110;NA;NA;NA;NA;General Farmer;NA;NA;NA;NA
713439;1850;1;Kone;NA;NA;NA;NA;NA;NA;NA;NA;NA;NA;NA
1353810;1845;1;Hufner;NA;61110;NA;NA;NA;NA;General Farmer;NA;NA;NA;NA
1702995;1860;1;NA;Tjenestedreng;62120;NA;NA;NA;NA;Farm Servant;NA;NA;NA;NA
923860;1880;1;NA;Husfaderens Moder, nyder FattigunderstÃ¸ttelse;NA;NA;NA;NA;NA;NA;NA;NA;NA;NA
1101254;1880;1;NA;Barn;NA;NA;NA;NA;NA;NA;NA;NA;NA;NA
451902;1845;1;Deres barn, -  nyder almisse.;NA;NA;NA;NA;NA;NA;NA;NA;NA;NA;NA
892843;1834;1;Indsidder;NA;NA;NA;NA;NA;NA;NA;NA;NA;NA;NA
1157666;1840;1;Hans Kone;NA;NA;NA;NA;NA;NA;NA;NA;NA;NA;NA
731038;1901;1;NA;Barn;NA;NA;NA;NA;NA;NA;NA;NA;NA;NA
701642;1801;1;NA;Deres Tienestefolk;62120;NA;NA;NA;NA;Farm Servant;NA;NA;NA;NA
294183;1850;1;hans kone;NA;NA;NA;NA;NA;NA;NA;NA;NA;NA;NA
2124842;1901;1;NA;Barn;NA;NA;NA;NA;NA;NA;NA;NA;NA;NA
1167232;1901;1;NA;Husmoder;NA;NA;NA;NA;NA;NA;NA;NA;NA;NA
521078;1901;1;LokomotivfÃ¸rer;Husfader;98320;NA;NA;NA;NA;Railway Engine Driver;NA;NA;NA;NA
1581311;1860;1;NA;Husfader. Husmand. som lever af sin jordlod;61115;NA;NA;NA;NA;Small Subsistence Farmer (Husbandman);NA;NA;NA;NA
358321;1787;1;Skomagersvend;Tjenestefolk;80110;NA;NA;NA;NA;Shoemaker, General;NA;NA;NA;NA
47666;1860;1;NA;Deres Barn;NA;NA;NA;NA;NA;NA;NA;NA;NA;NA
439210;1880;1;Handelsagent;Logerende;41020;NA;NA;NA;NA;Working Proprietor (Wholesale Trade);NA;NA;NA;NA
100519;1850;1;hans kone;NA;NA;NA;NA;NA;NA;NA;NA;NA;NA;NA
363850;1901;0;P...?? Doktor - Formue;Husfader;NA;NA;NA;NA;NA;NA;NA;NA;NA;NA
1905511;1880;1;NA;deres Barn.;NA;NA;NA;NA;NA;NA;NA;NA;NA;NA
1285527;1860;1;NA;hans kone;NA;NA;NA;NA;NA;NA;NA;NA;NA;NA
897484;1834;1;deres BÃ¸rn;NA;NA;NA;NA;NA;NA;NA;NA;NA;NA;NA
36405;1845;1;AftÃ¦gtsmand og lever hos Familien;NA;NA;NA;NA;NA;NA;NA;NA;NA;NA;NA
34392;1840;1;Deres bÃ¸rn;NA;NA;NA;NA;NA;NA;NA;NA;NA;NA;NA
1189848;1880;1;NA;deres Barn;NA;NA;NA;NA;NA;NA;NA;NA;NA;NA
1133234;1901;1;Husmand - Dagleier;Husfader;62105;99920;NA;NA;NA;FarmWorker, General;DayLabourer;NA;NA;NA
709186;1787;1;NA;Mandens BÃ¸rn af 1ste og Konens af 2det Egteskab;NA;NA;NA;NA;NA;NA;NA;NA;NA;NA
650366;1801;1;Bonde, Gaardbeboer;Huusbond;61110;NA;NA;NA;NA;General Farmer;NA;NA;NA;NA
248761;1787;1;NA;Tienestepige;62120;NA;NA;NA;NA;Farm Servant;NA;NA;NA;NA
52526;1787;1;Do [Sadelmager] Sven;Tieneste Folk;80320;NA;NA;NA;NA;Saddler and Harness Maker;NA;NA;NA;NA
359399;1901;0;Gasfitter;Barn;62700;NA;NA;NA;NA;Nursery Workers and Gardeners;NA;NA;NA;NA
784702;1850;1;deres BÃ¸rn;NA;NA;NA;NA;NA;NA;NA;NA;NA;NA;NA
1490134;1880;1;NA;Hans Kone;NA;NA;NA;NA;NA;NA;NA;NA;NA;NA
219447;1787;1;Under Officier ved SÃ¸e Cadet Compagniet;Reforme Under Officier;58330;NA;NA;NA;NA;NonCommissioned Officer;NA;NA;NA;NA
726003;1850;1;deres BÃ¸rn;NA;NA;NA;NA;NA;NA;NA;NA;NA;NA;NA
941697;1834;1;Deres BÃ¸rn;NA;NA;NA;NA;NA;NA;NA;NA;NA;NA;NA
1457365;1845;1;aftÃ¦gtskone, der forsÃ¸rges af husfaderen;NA;NA;NA;NA;NA;NA;NA;NA;NA;NA;NA
1808642;1901;1;NA;Husmoder;NA;NA;NA;NA;NA;NA;NA;NA;NA;NA
1034066;1880;1;NA;deres sÃ¸n;NA;NA;NA;NA;NA;NA;NA;NA;NA;NA
1444224;1860;1;NA;Hans kone;NA;NA;NA;NA;NA;NA;NA;NA;NA;NA
145964;1850;0;Hr. Politiassistent Gaardejer SchÃ¼barts kone;NA;61110;NA;NA;NA;NA;General Farmer;NA;NA;NA;NA
125470;1901;1;NA;Barn;NA;NA;NA;NA;NA;NA;NA;NA;NA;NA
1812860;1880;1;NA;Arrestanter;NA;NA;NA;NA;NA;NA;NA;NA;NA;NA
2140740;1901;1;NA;Barn;NA;NA;NA;NA;NA;NA;NA;NA;NA;NA
1193178;1845;0;Seine Kinder;NA;98135;NA;NA;NA;NA;Seaman, Able or Ordinary;NA;NA;NA;NA
301231;1880;1;NA;Tjenestepige;62120;NA;NA;NA;NA;Farm Servant;NA;NA;NA;NA
1365412;1845;1;l...??;NA;NA;NA;NA;NA;NA;NA;NA;NA;NA;NA
510532;1845;1;Barn [Rasmus Hansen];NA;NA;NA;NA;NA;NA;NA;NA;NA;NA;NA
674848;1845;1;hendes SÃ¸nner [Marie M: Andersdatter];NA;NA;NA;NA;NA;NA;NA;NA;NA;NA;NA
23526;1840;1;Hans kone;NA;NA;NA;NA;NA;NA;NA;NA;NA;NA;NA
407539;1850;1;deres datter;NA;NA;NA;NA;NA;NA;NA;NA;NA;NA;NA
1785955;1901;1;NA;Barn;NA;NA;NA;NA;NA;NA;NA;NA;NA;NA
212801;1834;1;deres BÃ¸rn;NA;NA;NA;NA;NA;NA;NA;NA;NA;NA;NA
1061488;1850;1;tjenestekarl, husfaderens bror;NA;62120;NA;NA;NA;NA;Farm Servant;NA;NA;NA;NA
303084;1901;1;-;Husmoder;NA;NA;NA;NA;NA;NA;NA;NA;NA;NA
548186;1850;1;Tjenestefolk;NA;62120;NA;NA;NA;NA;Farm Servant;NA;NA;NA;NA
335425;1801;1;NA;deres BÃ¸rn [Mads Andersen Jyde og Karen Nielsdatter];NA;NA;NA;NA;NA;NA;NA;NA;NA;NA
1154690;1901;1;Syerske;Datter;79510;NA;NA;NA;NA;Hand and Machine Sewer, General;NA;NA;NA;NA
1340767;1901;1;NA;Barn;NA;NA;NA;NA;NA;NA;NA;NA;NA;NA
225997;1880;1;NA;hans Svigerfader. forsÃ¸rges af Husfaderen;NA;NA;NA;NA;NA;NA;NA;NA;NA;NA
147523;1840;1;Deres  barn;NA;NA;NA;NA;NA;NA;NA;NA;NA;NA;NA
103421;1850;1;deres BÃ¸rn;NA;NA;NA;NA;NA;NA;NA;NA;NA;NA;NA
595410;1840;1;Tienestefolk;NA;62120;NA;NA;NA;NA;Farm Servant;NA;NA;NA;NA
512652;1880;1;NA;NA;NA;NA;NA;NA;NA;NA;NA;NA;NA;NA
366213;1850;0;FravÃ¦rende - indkaldt til krigstjeneste;NA;62120;NA;NA;NA;NA;Farm Servant;NA;NA;NA;NA
928731;1840;1;hans Kone;NA;NA;NA;NA;NA;NA;NA;NA;NA;NA;NA
326568;1834;1;deres datter;NA;NA;NA;NA;NA;NA;NA;NA;NA;NA;NA
1305587;1850;1;deres BÃ¸rn;NA;NA;NA;NA;NA;NA;NA;NA;NA;NA;NA
574339;1845;1;deres barn;NA;NA;NA;NA;NA;NA;NA;NA;NA;NA;NA
1683967;1901;1;NA;Husmoder;NA;NA;NA;NA;NA;NA;NA;NA;NA;NA
1664130;1860;1;NA;Tjenestefolk;62120;NA;NA;NA;NA;Farm Servant;NA;NA;NA;NA
14265;1834;1;Tjenestekarl;NA;62120;NA;NA;NA;NA;Farm Servant;NA;NA;NA;NA
1459269;1860;1;NA;Hans Kone;NA;NA;NA;NA;NA;NA;NA;NA;NA;NA
1811429;1901;1;NA;Husmoder;NA;NA;NA;NA;NA;NA;NA;NA;NA;NA
2447240;1901;1;NA;NA;NA;NA;NA;NA;NA;NA;NA;NA;NA;NA
949793;1901;1;AlderdomsunderstÃ¸ttelse;Husfader;NA;NA;NA;NA;NA;NA;NA;NA;NA;NA
773560;1901;1;NA;Husmoder;NA;NA;NA;NA;NA;NA;NA;NA;NA;NA
1726007;1901;1;NA;Elev paa Opdragelsesanstaltens yngste afdeling;NA;NA;NA;NA;NA;NA;NA;NA;NA;NA
415469;1860;1;NA;MÃ¦lkeforpagter;61110;NA;NA;NA;NA;General Farmer;NA;NA;NA;NA
1457692;1860;1;NA;hendes SÃ¸n, Almisselem;NA;NA;NA;NA;NA;NA;NA;NA;NA;NA
149597;1850;1;Hans kone;NA;NA;NA;NA;NA;NA;NA;NA;NA;NA;NA
953525;1850;1;NA;NA;NA;NA;NA;NA;NA;NA;NA;NA;NA;NA
728542;1845;1;Tjenestekarl;NA;62120;NA;NA;NA;NA;Farm Servant;NA;NA;NA;NA
1114452;1840;1;ErnÃ¦rer sig af sin Jordlod;NA;61115;NA;NA;NA;NA;Small Subsistence Farmer (Husbandman);NA;NA;NA;NA
315875;1801;1;Bonde og Gaardbeboer;Huusbonde;61110;NA;NA;NA;NA;General Farmer;NA;NA;NA;NA
2083159;1901;1;Gaardejerske;Husmoder;61110;NA;NA;NA;NA;General Farmer;NA;NA;NA;NA
1160888;1880;0;NA;Der af Husfaderen forsÃ¸rges;62120;NA;NA;NA;NA;Farm Servant;NA;NA;NA;NA
656820;1840;1;Huusmand, lever af sin Eiendom;NA;61115;NA;NA;NA;NA;Small Subsistence Farmer (Husbandman);NA;NA;NA;NA
838263;1880;1;NA;hans stedsÃ¸n;NA;NA;NA;NA;NA;NA;NA;NA;NA;NA
339968;1845;0;Lem i Abel Cathrines Stiftelse;NA;NA;NA;NA;NA;NA;NA;NA;NA;NA;NA
291615;1845;0;Tjener;NA;62120;NA;NA;NA;NA;Farm Servant;NA;NA;NA;NA
651901;1845;1;tjenende;NA;62120;NA;NA;NA;NA;Farm Servant;NA;NA;NA;NA
301738;1850;0;bÃ¸rn af August Vilhelm MÃ¸ller;NA;77120;NA;NA;NA;NA;Grain Miller;NA;NA;NA;NA
420241;1840;1;hans Kone [Rasmus Larsen];NA;NA;NA;NA;NA;NA;NA;NA;NA;NA;NA
158815;1801;1;NA;Konens bÃ¸rn af fÃ¸rste Ã¦gteskab;NA;NA;NA;NA;NA;NA;NA;NA;NA;NA
775368;1787;1;NA;madmoder;61110;NA;NA;NA;NA;General Farmer;NA;NA;NA;NA
225563;1901;1;NA;Plejedatter;NA;NA;NA;NA;NA;NA;NA;NA;NA;NA
1386815;1901;1;Husholder;Tjenestetyende;22430;62120;NA;NA;NA;Housekeeper (Private Service);Farm Servant;NA;NA;NA
1500502;1880;1;NA;hans kone;NA;NA;NA;NA;NA;NA;NA;NA;NA;NA
31964;1850;1;deres SÃ¸n;NA;NA;NA;NA;NA;NA;NA;NA;NA;NA;NA
315184;1860;1;NA;Deres Barn;NA;NA;NA;NA;NA;NA;NA;NA;NA;NA
2280241;1901;1;NA;fattiglem. arbeidsmand ved jordarb.;61110;99900;NA;NA;NA;General Farmer;Worker, No Further Information;NA;NA;NA
1294146;1901;1;NA;Barn;NA;NA;NA;NA;NA;NA;NA;NA;NA;NA
1788044;1901;1;NA;Tjenestekarl;62120;NA;NA;NA;NA;Farm Servant;NA;NA;NA;NA
665705;1787;1;NA;madmoder;61110;NA;NA;NA;NA;General Farmer;NA;NA;NA;NA
773161;1850;1;Gaardmand og Huusfader;NA;61110;NA;NA;NA;NA;General Farmer;NA;NA;NA;NA
1799115;1901;1;NA;Barn;NA;NA;NA;NA;NA;NA;NA;NA;NA;NA
125104;1860;1;NA;Husfader. Indsidder;NA;NA;NA;NA;NA;NA;NA;NA;NA;NA
1368392;1845;1;Deres datter,nÃ¦rer sig med spind;NA;75220;NA;NA;NA;NA;Spinner, Thread and Yarn;NA;NA;NA;NA
1759345;1901;1;Husgerning;Barn;22430;NA;NA;NA;NA;Housekeeper (Private Service);NA;NA;NA;NA
1431162;1860;1;NA;Deres bÃ¸rn;NA;NA;NA;NA;NA;NA;NA;NA;NA;NA
141748;1880;1;NA;Husfader, Gaardmand;61110;NA;NA;NA;NA;General Farmer;NA;NA;NA;NA
1503467;1901;1;NA;Barn;NA;NA;NA;NA;NA;NA;NA;NA;NA;NA
972783;1850;1;hendes SÃ¸n;NA;NA;NA;NA;NA;NA;NA;NA;NA;NA;NA
1144829;1901;1;NA;barn;NA;NA;NA;NA;NA;NA;NA;NA;NA;NA
2065885;1901;1;NA;Husmoder;NA;NA;NA;NA;NA;NA;NA;NA;NA;NA
963756;1834;1;hans Kone;NA;NA;NA;NA;NA;NA;NA;NA;NA;NA;NA
938495;1901;0;Fhv. Landpost faar lidt Pension og Alderdoms;Husfader;NA;NA;NA;NA;NA;NA;NA;NA;NA;NA
170558;1860;1;NA;Hans Kone;NA;NA;NA;NA;NA;NA;NA;NA;NA;NA
450615;1880;1;Husholderske;Hans Datter;22430;NA;NA;NA;NA;Housekeeper (Private Service);NA;NA;NA;NA
220365;1834;1;Datter;NA;NA;NA;NA;NA;NA;NA;NA;NA;NA;NA
433754;1787;1;NA;NA;NA;NA;NA;NA;NA;NA;NA;NA;NA;NA
62574;1860;1;NA;Tjenestepige;62120;NA;NA;NA;NA;Farm Servant;NA;NA;NA;NA
131429;1880;1;NA;Deres Barn;NA;NA;NA;NA;NA;NA;NA;NA;NA;NA
192193;1860;1;NA;Hans kone. almisselem;NA;NA;NA;NA;NA;NA;NA;NA;NA;NA
966154;1860;1;NA;Huusmand. huusfader;62105;NA;NA;NA;NA;FarmWorker, General;NA;NA;NA;NA
305495;1850;0;Tyende;NA;62120;NA;NA;NA;NA;Farm Servant;NA;NA;NA;NA
552061;1860;1;NA;hans kone;NA;NA;NA;NA;NA;NA;NA;NA;NA;NA
292257;1801;1;Landmaaler;NA;3020;NA;NA;NA;NA;Land Surveyor;NA;NA;NA;NA
82444;1860;1;NA;Tyende;62120;NA;NA;NA;NA;Farm Servant;NA;NA;NA;NA
67567;1860;1;NA;Hans SÃ¸n;NA;NA;NA;NA;NA;NA;NA;NA;NA;NA
455283;1787;1;NA;BÃ¸rn;NA;NA;NA;NA;NA;NA;NA;NA;NA;NA
1904854;1880;1;NA;hans Hustrue.;NA;NA;NA;NA;NA;NA;NA;NA;NA;NA
582832;1850;1;deres bÃ¸rn;NA;NA;NA;NA;NA;NA;NA;NA;NA;NA;NA
22206;1840;1;deres BÃ¸rn;NA;NA;NA;NA;NA;NA;NA;NA;NA;NA;NA
44319;1801;1;NA;Hans Kone;NA;NA;NA;NA;NA;NA;NA;NA;NA;NA
1092040;1834;1;Huusmand og Dagleier;NA;62105;99920;NA;NA;NA;FarmWorker, General;DayLabourer;NA;NA;NA
652799;1845;1;hans kone;NA;NA;NA;NA;NA;NA;NA;NA;NA;NA;NA
763876;1880;1;NA;Hans Kone;NA;NA;NA;NA;NA;NA;NA;NA;NA;NA
1624642;1901;1;NA;Barn;NA;NA;NA;NA;NA;NA;NA;NA;NA;NA
184228;1845;1;deres BÃ¸rn;NA;NA;NA;NA;NA;NA;NA;NA;NA;NA;NA
1295582;1845;1;Deres bÃ¸rn;NA;NA;NA;NA;NA;NA;NA;NA;NA;NA;NA
448837;1787;1;NA;Hendes BÃ¸rn;NA;NA;NA;NA;NA;NA;NA;NA;NA;NA
499955;1787;0;-;Barn af sidste Ã¦gteskab;58340;NA;NA;NA;NA;Other Military Ranks;NA;NA;NA;NA
1206392;1901;1;NA;aftÃ¦gt;NA;NA;NA;NA;NA;NA;NA;NA;NA;NA
410341;1860;1;NA;TÃ¦rskemand;62120;NA;NA;NA;NA;Farm Servant;NA;NA;NA;NA
479752;1880;1;NA;Malermester;93120;NA;NA;NA;NA;Building Painter;NA;NA;NA;NA
1654619;1860;1;NA;Deres bÃ¸rn;NA;NA;NA;NA;NA;NA;NA;NA;NA;NA
1068500;1901;1;NA;Husmoder;NA;NA;NA;NA;NA;NA;NA;NA;NA;NA
1194639;1901;1;Uddeler;Husfader;NA;NA;NA;NA;NA;NA;NA;NA;NA;NA
937220;1860;1;NA;Deres bÃ¸rn;NA;NA;NA;NA;NA;NA;NA;NA;NA;NA
97591;1787;1;NA;Tienistefolk;62120;NA;NA;NA;NA;Farm Servant;NA;NA;NA;NA
106019;1880;1;NA;Hans Datter, Husmoder;NA;NA;NA;NA;NA;NA;NA;NA;NA;NA
1692280;1880;1;NA;tjenestetyende;62120;NA;NA;NA;NA;Farm Servant;NA;NA;NA;NA
83617;1901;1;Daglejer ved Agerbrug;Husfader;99920;NA;NA;NA;NA;DayLabourer;NA;NA;NA;NA
867902;1845;1;BomuldsvÃ¦ver;NA;75400;NA;NA;NA;NA;Weaver, Specialisation Unknown;NA;NA;NA;NA
697915;1801;1;NA;deres bÃ¸rn;NA;NA;NA;NA;NA;NA;NA;NA;NA;NA
905225;1834;1;Smed;NA;83110;NA;NA;NA;NA;Blacksmith, General;NA;NA;NA;NA
537325;1834;1;deres bÃ¸rn;NA;NA;NA;NA;NA;NA;NA;NA;NA;NA;NA
308566;1901;1;NA;Husmoder;NA;NA;NA;NA;NA;NA;NA;NA;NA;NA
472271;1850;1;deres bÃ¸rn;NA;NA;NA;NA;NA;NA;NA;NA;NA;NA;NA
107163;1880;1;NA;Arbejdsmand;99900;NA;NA;NA;NA;Worker, No Further Information;NA;NA;NA;NA
123453;1834;1;hans kone;NA;NA;NA;NA;NA;NA;NA;NA;NA;NA;NA
390276;1901;1;NA;Husmoder;NA;NA;NA;NA;NA;NA;NA;NA;NA;NA
376879;1880;1;NA;Kelner;62120;NA;NA;NA;NA;Farm Servant;NA;NA;NA;NA
829422;1834;1;hans kone;NA;NA;NA;NA;NA;NA;NA;NA;NA;NA;NA
465196;1840;1;husmand og dagleier;NA;62105;99920;NA;NA;NA;FarmWorker, General;DayLabourer;NA;NA;NA
1159169;1880;1;NA;Tjenestepige;62120;NA;NA;NA;NA;Farm Servant;NA;NA;NA;NA
1191657;1860;1;NA;Hans Kone;NA;NA;NA;NA;NA;NA;NA;NA;NA;NA
343884;1801;1;NA;Hans kone [JÃ¸rgen Wolsing];NA;NA;NA;NA;NA;NA;NA;NA;NA;NA
1047605;1860;1;NA;Husfaders SvigerforÃ¦ldre. er af ham forsÃ¸rges;62120;NA;NA;NA;NA;Farm Servant;NA;NA;NA;NA
1354920;1880;1;NA;husfader, arbejdsmand ved agerbruget, indsidder;62120;NA;NA;NA;NA;Farm Servant;NA;NA;NA;NA
1188459;1845;1;Abnahmefrau;NA;NA;NA;NA;NA;NA;NA;NA;NA;NA;NA
503201;1840;1;Thorup Bye;NA;NA;NA;NA;NA;NA;NA;NA;NA;NA;NA
332091;1845;1;Vaagekone i Fred.Hospital,logerende;NA;7210;NA;NA;NA;NA;Auxiliary Nurse;NA;NA;NA;NA
870445;1801;1;NA;deres fÃ¦lles sÃ¸n;NA;NA;NA;NA;NA;NA;NA;NA;NA;NA
38524;1860;1;NA;Hans Kone;NA;NA;NA;NA;NA;NA;NA;NA;NA;NA
13836;1834;1;Fisker, logerende;NA;64100;NA;NA;NA;NA;Fisherman, DeepSea or Inland and Coastal Water;NA;NA;NA;NA
1054981;1860;1;NA;deres bÃ¸rn;NA;NA;NA;NA;NA;NA;NA;NA;NA;NA
808968;1787;1;NA;Kammerraads Duuses tjenestefolk;62120;NA;NA;NA;NA;Farm Servant;NA;NA;NA;NA
1664781;1880;1;NA;Datter;NA;NA;NA;NA;NA;NA;NA;NA;NA;NA
157819;1860;1;NA;Hans Kone;NA;NA;NA;NA;NA;NA;NA;NA;NA;NA
656570;1834;1;deres Barn;NA;NA;NA;NA;NA;NA;NA;NA;NA;NA;NA
793435;1845;1;Deres Barn;NA;NA;NA;NA;NA;NA;NA;NA;NA;NA;NA
642653;1880;1;NA;deres Plejedatter;NA;NA;NA;NA;NA;NA;NA;NA;NA;NA
55259;1880;1;NA;Husmoder, ErnÃ¦re sig ved Haandarbejde;75000;NA;NA;NA;NA;Spinners, Weavers, Knitters, Dyers and Related Workers, Specialisation Unknown;NA;NA;NA;NA
1274401;1845;1;Hans kone;NA;NA;NA;NA;NA;NA;NA;NA;NA;NA;NA
458919;1860;1;NA;*deres Barn;NA;NA;NA;NA;NA;NA;NA;NA;NA;NA
195451;1901;1;BrÃ¸gerspige;Tjener;62120;NA;NA;NA;NA;Farm Servant;NA;NA;NA;NA
1292946;1880;1;NA;Hendes SÃ¸n Arbejder (tilfÃ¦ldig);99900;NA;NA;NA;NA;Worker, No Further Information;NA;NA;NA;NA
782346;1840;1;deres BÃ¸rn;NA;NA;NA;NA;NA;NA;NA;NA;NA;NA;NA
762135;1834;1;Tjenestefolk;NA;62120;NA;NA;NA;NA;Farm Servant;NA;NA;NA;NA
486104;1787;1;NA;Hans SÃ¸ster;NA;NA;NA;NA;NA;NA;NA;NA;NA;NA
36534;1834;1;Smed;NA;83110;NA;NA;NA;NA;Blacksmith, General;NA;NA;NA;NA
761018;1845;1;Deres BÃ¸rn;NA;NA;NA;NA;NA;NA;NA;NA;NA;NA;NA
1935734;1880;1;NA;deres BÃ¸rn;NA;NA;NA;NA;NA;NA;NA;NA;NA;NA
1778446;1880;1;NA;Husfader, Lever af sin Jordlod;61115;NA;NA;NA;NA;Small Subsistence Farmer (Husbandman);NA;NA;NA;NA
991622;1845;1;deres datter;NA;NA;NA;NA;NA;NA;NA;NA;NA;NA;NA
833972;1787;1;bonde og gaardbeboer;hosbonde;61110;NA;NA;NA;NA;General Farmer;NA;NA;NA;NA
1205262;1880;1;NA;hans Hustru;NA;NA;NA;NA;NA;NA;NA;NA;NA;NA
1903660;1901;1;NA;Barn;NA;NA;NA;NA;NA;NA;NA;NA;NA;NA
274130;1834;1;deres Barn;NA;NA;NA;NA;NA;NA;NA;NA;NA;NA;NA
1122778;1834;1;deres SÃ¸n, SnedkerlÃ¦re;NA;81000;NA;NA;NA;NA;Woodworker, Specialisation Unknown;NA;NA;NA;NA
1995516;1901;1;NA;Husmoder;NA;NA;NA;NA;NA;NA;NA;NA;NA;NA
1169882;1901;1;Gaardejerske;Husmoder;61110;NA;NA;NA;NA;General Farmer;NA;NA;NA;NA
1256550;1880;1;NA;indsidderenke, faar understÃ¸ttelse af comunen;NA;NA;NA;NA;NA;NA;NA;NA;NA;NA
268061;1845;1;Deres BÃ¸rn;NA;NA;NA;NA;NA;NA;NA;NA;NA;NA;NA
473780;1787;1;NA;Tieneste Pige;62120;NA;NA;NA;NA;Farm Servant;NA;NA;NA;NA
668037;1845;1;deres BÃ¸rn [Niels Larsen og Kirsten Rasmusdatter];NA;98135;NA;NA;NA;NA;Seaman, Able or Ordinary;NA;NA;NA;NA
86482;1840;1;Huusmand og Dagleier;NA;62105;99920;NA;NA;NA;FarmWorker, General;DayLabourer;NA;NA;NA
134223;1860;1;NA;Datteren;NA;NA;NA;NA;NA;NA;NA;NA;NA;NA
1723636;1901;1;Smed;Husfader;83110;NA;NA;NA;NA;Blacksmith, General;NA;NA;NA;NA
769938;1834;1;hans Kone;NA;NA;NA;NA;NA;NA;NA;NA;NA;NA;NA
874939;1845;1;deres bÃ¸rn;NA;NA;NA;NA;NA;NA;NA;NA;NA;NA;NA
136383;1860;1;NA;Tjenestepige;62120;NA;NA;NA;NA;Farm Servant;NA;NA;NA;NA
1745795;1901;1;NA;SlÃ¦gtning;NA;NA;NA;NA;NA;NA;NA;NA;NA;NA
372842;1801;1;NA;tjenestefolk;62120;NA;NA;NA;NA;Farm Servant;NA;NA;NA;NA
2158056;1901;1;husbestyrerinde;husmoder;22430;NA;NA;NA;NA;Housekeeper (Private Service);NA;NA;NA;NA
1051864;1834;1;Deres bÃ¸rn;NA;NA;NA;NA;NA;NA;NA;NA;NA;NA;NA
674454;1787;1;NA;deres barn;NA;NA;NA;NA;NA;NA;NA;NA;NA;NA
1366002;1850;1;Gaardmand og huusfader;NA;61110;NA;NA;NA;NA;General Farmer;NA;NA;NA;NA
1074191;1901;1;Baadebygger;Barn;87450;NA;NA;NA;NA;Metal Shipwright;NA;NA;NA;NA
624787;1880;1;NA;Arbeidsmand;99900;NA;NA;NA;NA;Worker, No Further Information;NA;NA;NA;NA
1393291;1850;1;Husfader, Dagleier;NA;99920;NA;NA;NA;NA;DayLabourer;NA;NA;NA;NA
744339;1880;1;NA;Deres Barn;NA;NA;NA;NA;NA;NA;NA;NA;NA;NA
1481583;1860;1;NA;hendes SÃ¸n. UnderstÃ¸ttes af FattigvÃ¦senet;NA;NA;NA;NA;NA;NA;NA;NA;NA;NA
416961;1834;1;Inderste og AftÃ¦gtsmand;NA;NA;NA;NA;NA;NA;NA;NA;NA;NA;NA
783289;1860;1;NA;Tjenestefolk;62120;NA;NA;NA;NA;Farm Servant;NA;NA;NA;NA
1588387;1901;1;NA;Barn;NA;NA;NA;NA;NA;NA;NA;NA;NA;NA
527273;1880;1;Arbejdsmand;Husfader;99900;NA;NA;NA;NA;Worker, No Further Information;NA;NA;NA;NA
659214;1850;1;Tjenestekarl [Jens Johansen og Karen Andersdatter];NA;62120;NA;NA;NA;NA;Farm Servant;NA;NA;NA;NA
1350414;1880;1;NA;deres sÃ¸n;NA;NA;NA;NA;NA;NA;NA;NA;NA;NA
971809;1840;1;Barnepige;NA;54035;NA;NA;NA;NA;Nursemaid;NA;NA;NA;NA
745514;1860;1;NA;hans Kone;NA;NA;NA;NA;NA;NA;NA;NA;NA;NA
91652;1850;1;Tjenestefolk;NA;62120;NA;NA;NA;NA;Farm Servant;NA;NA;NA;NA
571336;1787;1;NA;tjenestefolk;62120;NA;NA;NA;NA;Farm Servant;NA;NA;NA;NA
1169723;1850;1;VÃ¦ver huusfader;NA;75400;NA;NA;NA;NA;Weaver, Specialisation Unknown;NA;NA;NA;NA
2031929;1901;1;NA;Husmoder;NA;NA;NA;NA;NA;NA;NA;NA;NA;NA
167844;1787;1;NA;tiener;62120;NA;NA;NA;NA;Farm Servant;NA;NA;NA;NA
332036;1840;1;AftÃ¦gtslem paa gaarden;NA;NA;NA;NA;NA;NA;NA;NA;NA;NA;NA
1020163;1850;1;hans Kone, Lemmer i Hospitalet [Christian Marcussen];NA;NA;NA;NA;NA;NA;NA;NA;NA;NA;NA
1717814;1860;1;NA;deres SÃ¸n;NA;NA;NA;NA;NA;NA;NA;NA;NA;NA
718419;1840;1;Tjenestefolk;NA;62120;NA;NA;NA;NA;Farm Servant;NA;NA;NA;NA
125133;1850;1;hans Kone;NA;NA;NA;NA;NA;NA;NA;NA;NA;NA;NA
673793;1860;1;NA;deres bÃ¸rn;NA;NA;NA;NA;NA;NA;NA;NA;NA;NA
937046;1880;1;NA;deres Barn;NA;NA;NA;NA;NA;NA;NA;NA;NA;NA
1548323;1860;1;NA;Hans Datter;NA;NA;NA;NA;NA;NA;NA;NA;NA;NA
358186;1834;1;Forpagter;NA;61110;NA;NA;NA;NA;General Farmer;NA;NA;NA;NA
409288;1834;1;pleiesÃ¸n;NA;NA;NA;NA;NA;NA;NA;NA;NA;NA;NA
466143;1840;1;deres barn;NA;NA;NA;NA;NA;NA;NA;NA;NA;NA;NA
598559;1845;1;Hans kone;NA;NA;NA;NA;NA;NA;NA;NA;NA;NA;NA
133163;1880;1;NA;Husmoder;NA;NA;NA;NA;NA;NA;NA;NA;NA;NA
627262;1901;1;Murersvend;Logerende;95120;NA;NA;NA;NA;Bricklayer (Construction);NA;NA;NA;NA
114333;1834;1;Lever af sin Jordlod, Strandfoged;NA;31090;NA;NA;NA;NA;Government Executive Officials Not Elsewhere Classified;NA;NA;NA;NA
564463;1850;1;Gaardmand, Huusfader;NA;61110;NA;NA;NA;NA;General Farmer;NA;NA;NA;NA
1075597;1834;1;deres BÃ¸rn;NA;NA;NA;NA;NA;NA;NA;NA;NA;NA;NA
958603;1845;0;Schiffszimmermeister;NA;95410;NA;NA;NA;NA;Carpenter, General;NA;NA;NA;NA
741576;1787;1;NA;datter af sidste Ã¦gteskab;NA;NA;NA;NA;NA;NA;NA;NA;NA;NA
885432;1840;1;Deres sÃ¸n;NA;NA;NA;NA;NA;NA;NA;NA;NA;NA;NA
1023429;1840;1;Deres Barn;NA;NA;NA;NA;NA;NA;NA;NA;NA;NA;NA
924706;1834;1;Deres bÃ¸rn, Knipler;NA;75452;NA;NA;NA;NA;NA;NA;NA;NA;NA
2121339;1901;1;NA;Husmoder;NA;NA;NA;NA;NA;NA;NA;NA;NA;NA
493122;1834;1;LÃ¦rling [Niels Christian Bech og Enger Maria Graff];NA;99900;NA;NA;NA;NA;Worker, No Further Information;NA;NA;NA;NA
72523;1787;1;NA;Ladefoged;22520;NA;NA;NA;NA;Farm Supervisor;NA;NA;NA;NA
996014;1860;1;NA;Deres bÃ¸rn;NA;NA;NA;NA;NA;NA;NA;NA;NA;NA
205683;1880;1;NA;tÃ¸mrer deres sÃ¸n;95410;NA;NA;NA;NA;Carpenter, General;NA;NA;NA;NA
1095380;1880;1;NA;bÃ¸rn;NA;NA;NA;NA;NA;NA;NA;NA;NA;NA
1615497;1901;1;MedhjÃ¦lper ved Agerbruget;Barn;NA;NA;NA;NA;NA;NA;NA;NA;NA;NA
683496;1845;1;deres bÃ¸rn;NA;NA;NA;NA;NA;NA;NA;NA;NA;NA;NA
619000;1787;1;NA;Kone;NA;NA;NA;NA;NA;NA;NA;NA;NA;NA
961883;1860;1;NA;Hans kone;NA;NA;NA;NA;NA;NA;NA;NA;NA;NA
44304;1850;1;SkolelÃ¦rer;NA;13020;NA;NA;NA;NA;Teacher, Level and Subject Unknown, Not University and Higher Education Level;NA;NA;NA;NA
184069;1801;1;Lever af hindes HÃ¦ndernes Arbeid;Opholdende;75000;NA;NA;NA;NA;Spinners, Weavers, Knitters, Dyers and Related Workers, Specialisation Unknown;NA;NA;NA;NA
367119;1850;1;GÃ¥rdmand, Dagleier, Huusfader;NA;61110;99920;NA;NA;NA;General Farmer;DayLabourer;NA;NA;NA
794583;1850;1;deres BÃ¸rn;NA;NA;NA;NA;NA;NA;NA;NA;NA;NA;NA
1260296;1880;0;NA;ligel. [barn af Niels Jacob Edvard Hellesen og Anna Augusta Henriette Hellesen];62120;NA;NA;NA;NA;Farm Servant;NA;NA;NA;NA
1224070;1880;1;NA;deres Barn;NA;NA;NA;NA;NA;NA;NA;NA;NA;NA
984782;1845;1;tjenestekarl;NA;62120;NA;NA;NA;NA;Farm Servant;NA;NA;NA;NA
906697;1880;1;NA;Huusmand;62105;NA;NA;NA;NA;FarmWorker, General;NA;NA;NA;NA
84562;1845;1;Dagleier;NA;99920;NA;NA;NA;NA;DayLabourer;NA;NA;NA;NA
763003;1901;1;NA;Datter;NA;NA;NA;NA;NA;NA;NA;NA;NA;NA
287716;1834;1;deres Barn;NA;NA;NA;NA;NA;NA;NA;NA;NA;NA;NA
797864;1787;1;National Soldat;deres Tieneste Folk;58340;NA;NA;NA;NA;Other Military Ranks;NA;NA;NA;NA
784289;1840;1;Gaardmand;NA;61110;NA;NA;NA;NA;General Farmer;NA;NA;NA;NA
42183;1801;1;NA;-;NA;NA;NA;NA;NA;NA;NA;NA;NA;NA
1433253;1901;1;AlderdomsunderstÃ¸ttelse;Husmoder;NA;NA;NA;NA;NA;NA;NA;NA;NA;NA
848788;1860;1;NA;Deres barn;NA;NA;NA;NA;NA;NA;NA;NA;NA;NA
1415262;1845;1;Gaardmand.;NA;61110;NA;NA;NA;NA;General Farmer;NA;NA;NA;NA
791845;1880;1;NA;deres barn;NA;NA;NA;NA;NA;NA;NA;NA;NA;NA
1356684;1901;1;NA;Barn;NA;NA;NA;NA;NA;NA;NA;NA;NA;NA
376147;1787;1;NA;konen;NA;NA;NA;NA;NA;NA;NA;NA;NA;NA
47045;1850;1;Hans Hustru;NA;NA;NA;NA;NA;NA;NA;NA;NA;NA;NA
452510;1845;1;Tjenestepige.;NA;62120;NA;NA;NA;NA;Farm Servant;NA;NA;NA;NA
402796;1840;1;GjÃ¸rtlerdreng, hans Barn!!;NA;87245;NA;NA;NA;NA;Brazer;NA;NA;NA;NA
340684;1801;1;NA;hans Kone;NA;NA;NA;NA;NA;NA;NA;NA;NA;NA
447710;1901;1;NA;Husmoder;NA;NA;NA;NA;NA;NA;NA;NA;NA;NA
1061596;1880;1;NA;Tjenestefolk;62120;NA;NA;NA;NA;Farm Servant;NA;NA;NA;NA
718858;1801;1;NA;hans kone;NA;NA;NA;NA;NA;NA;NA;NA;NA;NA
881360;1845;1;tjenestefolk;NA;62120;NA;NA;NA;NA;Farm Servant;NA;NA;NA;NA
690783;1850;1;Inderste;NA;NA;NA;NA;NA;NA;NA;NA;NA;NA;NA
423069;1880;1;NA;Hustru;NA;NA;NA;NA;NA;NA;NA;NA;NA;NA
1276186;1901;1;NA;Husmoder;NA;NA;NA;NA;NA;NA;NA;NA;NA;NA
394567;1801;1;Inderste og Almisselem;Konens sÃ¸ster;NA;NA;NA;NA;NA;NA;NA;NA;NA;NA
1054487;1860;1;NA;hendes bÃ¸rn;NA;NA;NA;NA;NA;NA;NA;NA;NA;NA
1375632;1850;1;Hans kone;NA;NA;NA;NA;NA;NA;NA;NA;NA;NA;NA
417566;1834;1;deres Barn;NA;NA;NA;NA;NA;NA;NA;NA;NA;NA;NA
900389;1860;1;NA;Deres barn;NA;NA;NA;NA;NA;NA;NA;NA;NA;NA
1076123;1840;1;Hans Kone;NA;NA;NA;NA;NA;NA;NA;NA;NA;NA;NA
1930936;1901;1;Jordbruger og Skovfoged;Husfader;61110;63220;NA;NA;NA;General Farmer;Forest Supervisor;NA;NA;NA
689474;1840;1;Hans Kone;NA;NA;NA;NA;NA;NA;NA;NA;NA;NA;NA
153445;1840;1;Barn;NA;NA;NA;NA;NA;NA;NA;NA;NA;NA;NA
64138;1834;1;Deres BÃ¸rn;NA;NA;NA;NA;NA;NA;NA;NA;NA;NA;NA
1963274;1901;1;NA;Husmoder;NA;NA;NA;NA;NA;NA;NA;NA;NA;NA
2421404;1901;1;Maskinarbejder;Fader;99930;NA;NA;NA;NA;Factory Worker;NA;NA;NA;NA
595847;1787;1;NA;Tieneste Pige;62120;NA;NA;NA;NA;Farm Servant;NA;NA;NA;NA
1309933;1850;1;Hans Kone;NA;NA;NA;NA;NA;NA;NA;NA;NA;NA;NA
1935826;1901;1;NA;Barn;NA;NA;NA;NA;NA;NA;NA;NA;NA;NA
1049754;1850;1;Hans kone;NA;NA;NA;NA;NA;NA;NA;NA;NA;NA;NA
431141;1860;1;NA;Hans BÃ¸rn;NA;NA;NA;NA;NA;NA;NA;NA;NA;NA
81018;1787;1;NA;FÃ¦e-Hyrder;62420;NA;NA;NA;NA;Beef Cattle Farm Worker;NA;NA;NA;NA
754135;1840;1;Gaardmand og Smed, Stedfader til BÃ¸rnene;NA;61110;83110;NA;NA;NA;General Farmer;Blacksmith, General;NA;NA;NA
2249315;1901;1;smedemester;husfader;83110;NA;NA;NA;NA;Blacksmith, General;NA;NA;NA;NA
1410077;1860;1;NA;Tjenestepige;62120;NA;NA;NA;NA;Farm Servant;NA;NA;NA;NA
1039087;1840;1;Huuseier og Vognmand;NA;62105;98620;NA;NA;NA;FarmWorker, General;AnimalDrawn Vehicle Driver (Road);NA;NA;NA
927033;1845;1;tjenestekarl;NA;62120;NA;NA;NA;NA;Farm Servant;NA;NA;NA;NA
1196924;1901;1;NA;Husmoder;NA;NA;NA;NA;NA;NA;NA;NA;NA;NA
129797;1834;1;Deres bÃ¸rn;NA;NA;NA;NA;NA;NA;NA;NA;NA;NA;NA
615339;1801;1;NA;hans kone;NA;NA;NA;NA;NA;NA;NA;NA;NA;NA
172033;1801;1;Lem I Vartov H.;NA;NA;NA;NA;NA;NA;NA;NA;NA;NA;NA
233016;1787;1;Skriver i Hr.Geh.Raad Holmskiolds Contoir;NA;39320;NA;NA;NA;NA;Correspondence Clerk;NA;NA;NA;NA
1888435;1901;1;TrÃ¦handler. skovfoged. husmand;Husfader;41030;62105;NA;NA;NA;Working Proprietor (Retail Trade);FarmWorker, General;NA;NA;NA
156695;1840;1;gaardmand;NA;61110;NA;NA;NA;NA;General Farmer;NA;NA;NA;NA
1814576;1901;1;NA;Tjenestepige;62120;NA;NA;NA;NA;Farm Servant;NA;NA;NA;NA
729644;1860;1;NA;Gmd. Huusfader;61110;NA;NA;NA;NA;General Farmer;NA;NA;NA;NA
930693;1901;1;Daglejer;Husfader;99920;NA;NA;NA;NA;DayLabourer;NA;NA;NA;NA
251534;1801;0;Blokkedr. LÃ¦rl.;NA;NA;NA;NA;NA;NA;NA;NA;NA;NA;NA
1793570;1901;1;NA;Husmoder;NA;NA;NA;NA;NA;NA;NA;NA;NA;NA
392121;1845;1;Hans Kone;NA;NA;NA;NA;NA;NA;NA;NA;NA;NA;NA
976789;1840;1;hans kone;NA;NA;NA;NA;NA;NA;NA;NA;NA;NA;NA
731276;1850;1;deres datter;NA;NA;NA;NA;NA;NA;NA;NA;NA;NA;NA
1384149;1845;1;hans Kone;NA;NA;NA;NA;NA;NA;NA;NA;NA;NA;NA
1389695;1901;1;NA;Barn;NA;NA;NA;NA;NA;NA;NA;NA;NA;NA
1285461;1850;1;deres BÃ¸rn;NA;NA;NA;NA;NA;NA;NA;NA;NA;NA;NA
2025490;1901;1;NA;Husmoder;NA;NA;NA;NA;NA;NA;NA;NA;NA;NA
1669739;1901;1;Husmoder;Husmoder;NA;NA;NA;NA;NA;NA;NA;NA;NA;NA
1084947;1840;1;Dagleier;NA;99920;NA;NA;NA;NA;DayLabourer;NA;NA;NA;NA
368610;1850;1;Tjenestepige;NA;62120;NA;NA;NA;NA;Farm Servant;NA;NA;NA;NA
1201102;1880;1;NA;Barn;NA;NA;NA;NA;NA;NA;NA;NA;NA;NA
13783;1850;1;Hendes SÃ¸n;NA;NA;NA;NA;NA;NA;NA;NA;NA;NA;NA
287942;1840;1;Hans datter af fÃ¸rste Ã¦gteskab;NA;NA;NA;NA;NA;NA;NA;NA;NA;NA;NA
1217644;1845;1;Kone;NA;NA;NA;NA;NA;NA;NA;NA;NA;NA;NA
806653;1901;1;Vaskekone;Husmoder;56010;NA;NA;NA;NA;Launderer,  General;NA;NA;NA;NA
352502;1840;1;Lemmer i stiftelsen for blinde;NA;NA;NA;NA;NA;NA;NA;NA;NA;NA;NA
723519;1801;1;NA;mandens sÃ¸n;NA;NA;NA;NA;NA;NA;NA;NA;NA;NA
1714641;1901;1;Husmoder;Husmoder;NA;NA;NA;NA;NA;NA;NA;NA;NA;NA
1128064;1850;1;Deres bÃ¸rn;NA;NA;NA;NA;NA;NA;NA;NA;NA;NA;NA
871837;1880;1;NA;Tjenestefolk;62120;NA;NA;NA;NA;Farm Servant;NA;NA;NA;NA
672204;1850;1;Deres barn;NA;NA;NA;NA;NA;NA;NA;NA;NA;NA;NA
964667;1845;0;Dessen Ehefrau;NA;61110;NA;NA;NA;NA;General Farmer;NA;NA;NA;NA
571608;1801;1;NA;Hans kone;NA;NA;NA;NA;NA;NA;NA;NA;NA;NA
266281;1801;1;NA;Tjenestepige;62120;NA;NA;NA;NA;Farm Servant;NA;NA;NA;NA
441066;1787;1;NA;deres BÃ¸rn;NA;NA;NA;NA;NA;NA;NA;NA;NA;NA
1071014;1834;1;hans kone.;NA;NA;NA;NA;NA;NA;NA;NA;NA;NA;NA
304208;1901;1;NA;Tyende;62120;NA;NA;NA;NA;Farm Servant;NA;NA;NA;NA
271234;1834;1;deres Barn;NA;NA;NA;NA;NA;NA;NA;NA;NA;NA;NA
1797510;1901;1;Kegle...??;Barn;NA;NA;NA;NA;NA;NA;NA;NA;NA;NA
296378;1787;1;NA;Tienstefolk;62120;NA;NA;NA;NA;Farm Servant;NA;NA;NA;NA
409104;1860;1;NA;Deres Barn;NA;NA;NA;NA;NA;NA;NA;NA;NA;NA
67207;1850;1;Tjenestepige;NA;62120;NA;NA;NA;NA;Farm Servant;NA;NA;NA;NA
1445822;1880;1;NA;do [barn];NA;NA;NA;NA;NA;NA;NA;NA;NA;NA
824021;1901;0;Cand.pharm.;Logerende;62120;NA;NA;NA;NA;Farm Servant;NA;NA;NA;NA
1080419;1860;1;NA;hans Kone;NA;NA;NA;NA;NA;NA;NA;NA;NA;NA
493175;1845;1;hans BÃ¸rn;NA;NA;NA;NA;NA;NA;NA;NA;NA;NA;NA
468752;1901;1;NA;Husmoder;NA;NA;NA;NA;NA;NA;NA;NA;NA;NA
802641;1901;1;Exam. masseuse;NA;54035;NA;NA;NA;NA;Nursemaid;NA;NA;NA;NA
952472;1834;1;Tienestefolk;NA;62120;NA;NA;NA;NA;Farm Servant;NA;NA;NA;NA
412883;1834;1;Datter;NA;NA;NA;NA;NA;NA;NA;NA;NA;NA;NA
274743;1840;1;deres SÃ¸n;NA;NA;NA;NA;NA;NA;NA;NA;NA;NA;NA
209211;1845;1;hans kone [Frederik Johansen];NA;NA;NA;NA;NA;NA;NA;NA;NA;NA;NA
1072532;1850;1;deres bÃ¸rn;NA;NA;NA;NA;NA;NA;NA;NA;NA;NA;NA
621319;1845;1;Gaardmand;NA;61110;NA;NA;NA;NA;General Farmer;NA;NA;NA;NA
1301251;1901;1;NA;NA;NA;NA;NA;NA;NA;NA;NA;NA;NA;NA
548638;1840;1;Tjenestefolk;NA;62120;NA;NA;NA;NA;Farm Servant;NA;NA;NA;NA
1264701;1880;1;NA;husmoder;NA;NA;NA;NA;NA;NA;NA;NA;NA;NA
397525;1801;1;NA;kone;NA;NA;NA;NA;NA;NA;NA;NA;NA;NA
443087;1880;1;NA;Barn;NA;NA;NA;NA;NA;NA;NA;NA;NA;NA
1074571;1860;1;NA;Tjenestepige;62120;NA;NA;NA;NA;Farm Servant;NA;NA;NA;NA
261991;1834;1;tjenestekarl;NA;62120;NA;NA;NA;NA;Farm Servant;NA;NA;NA;NA
862640;1860;1;NA;hendes SÃ¸n, tjener hende;62120;NA;NA;NA;NA;Farm Servant;NA;NA;NA;NA
768538;1834;1;smed;NA;83110;NA;NA;NA;NA;Blacksmith, General;NA;NA;NA;NA
624896;1801;1;NA;Tjenestefolk;62120;NA;NA;NA;NA;Farm Servant;NA;NA;NA;NA
564649;1901;1;NA;Husmoder;NA;NA;NA;NA;NA;NA;NA;NA;NA;NA
919316;1901;1;Husgerning;Husmoder;22430;NA;NA;NA;NA;Housekeeper (Private Service);NA;NA;NA;NA
1032161;1850;1;Datter;NA;NA;NA;NA;NA;NA;NA;NA;NA;NA;NA
1150015;1840;1;deres BÃ¸rn;NA;NA;NA;NA;NA;NA;NA;NA;NA;NA;NA
232781;1860;1;NA;Deres bÃ¸rn;NA;NA;NA;NA;NA;NA;NA;NA;NA;NA
991795;1860;1;NA;Deres bÃ¸rn;NA;NA;NA;NA;NA;NA;NA;NA;NA;NA
272919;1850;1;tjenestepige;NA;62120;NA;NA;NA;NA;Farm Servant;NA;NA;NA;NA
42787;1850;1;hans Kone;NA;NA;NA;NA;NA;NA;NA;NA;NA;NA;NA
544529;1880;1;Grosserer;NA;41020;NA;NA;NA;NA;Working Proprietor (Wholesale Trade);NA;NA;NA;NA
1235130;1850;1;NA;NA;NA;NA;NA;NA;NA;NA;NA;NA;NA;NA
693107;1880;1;NA;hans Hustru;NA;NA;NA;NA;NA;NA;NA;NA;NA;NA
78933;1901;1;Skomagersvend;SÃ¸n;80110;NA;NA;NA;NA;Shoemaker, General;NA;NA;NA;NA
255942;1901;1;NA;NA;NA;NA;NA;NA;NA;NA;NA;NA;NA;NA
2050643;1901;1;NA;Barn;NA;NA;NA;NA;NA;NA;NA;NA;NA;NA
1358509;1850;1;dennes Tjenestefolk;NA;62120;NA;NA;NA;NA;Farm Servant;NA;NA;NA;NA
320102;1860;1;NA;Hans Kone;NA;NA;NA;NA;NA;NA;NA;NA;NA;NA
1146844;1901;1;NA;Barn;NA;NA;NA;NA;NA;NA;NA;NA;NA;NA
209170;1801;1;NA;NA;NA;NA;NA;NA;NA;NA;NA;NA;NA;NA
154256;1880;1;NA;Husfader og Sognefoged;20210;NA;NA;NA;NA;Government Administrator;NA;NA;NA;NA
1671596;1880;1;NA;deres BÃ¸rn;NA;NA;NA;NA;NA;NA;NA;NA;NA;NA
1976098;1880;0;Mand Og Fader, Skuespiller;NA;17320;99900;NA;NA;NA;Actor;Worker, No Further Information;NA;NA;NA
1535037;1860;1;NA;Deres BÃ¸rn;NA;NA;NA;NA;NA;NA;NA;NA;NA;NA
584722;1787;1;NA;[hans BÃ¸rn af sidste Ã¦gteskab];NA;NA;NA;NA;NA;NA;NA;NA;NA;NA
1892618;1901;0;Jordbruger. Sparekassebestyrer;Husfader;61110;NA;NA;NA;NA;General Farmer;NA;NA;NA;NA
798929;1860;1;NA;Tjenestepige;62120;NA;NA;NA;NA;Farm Servant;NA;NA;NA;NA
171447;1801;1;g N.Pedersen;NA;NA;NA;NA;NA;NA;NA;NA;NA;NA;NA
772886;1850;1;Husmoder, Lever af sin jordlod;NA;61115;NA;NA;NA;NA;Small Subsistence Farmer (Husbandman);NA;NA;NA;NA
701059;1880;1;NA;tjenestepige;62120;NA;NA;NA;NA;Farm Servant;NA;NA;NA;NA
434243;1801;1;NA;konens moder;NA;NA;NA;NA;NA;NA;NA;NA;NA;NA
1014153;1901;1;Husgerning;Husmoder;22430;NA;NA;NA;NA;Housekeeper (Private Service);NA;NA;NA;NA
410189;1850;1;Skomager;NA;80110;NA;NA;NA;NA;Shoemaker, General;NA;NA;NA;NA
1160786;1840;1;hans kone;NA;NA;NA;NA;NA;NA;NA;NA;NA;NA;NA
963458;1840;1;Hans kone;NA;NA;NA;NA;NA;NA;NA;NA;NA;NA;NA
210361;1860;1;NA;Hans bÃ¸rn;NA;NA;NA;NA;NA;NA;NA;NA;NA;NA
304753;1834;1;MÃ¸llersvend;NA;77120;NA;NA;NA;NA;Grain Miller;NA;NA;NA;NA
1465258;1845;1;handelslÃ¦rling;NA;41020;NA;NA;NA;NA;Working Proprietor (Wholesale Trade);NA;NA;NA;NA
632048;1845;1;Tjenestekarl;NA;62120;NA;NA;NA;NA;Farm Servant;NA;NA;NA;NA
1571248;1880;1;NA;Husfader Husmand og Vejmand;62105;99910;NA;NA;NA;FarmWorker, General;Labourer;NA;NA;NA
646510;1834;1;Gaardmand;NA;61110;NA;NA;NA;NA;General Farmer;NA;NA;NA;NA
229017;1850;1;hans kone;NA;NA;NA;NA;NA;NA;NA;NA;NA;NA;NA
422431;1840;1;Tjenestedreng;NA;62120;NA;NA;NA;NA;Farm Servant;NA;NA;NA;NA
518105;1860;1;NA;NA;NA;NA;NA;NA;NA;NA;NA;NA;NA;NA
4905;1834;1;Tjenestepige;NA;62120;NA;NA;NA;NA;Farm Servant;NA;NA;NA;NA
1743386;1860;1;NA;Deres BÃ¸rn;NA;NA;NA;NA;NA;NA;NA;NA;NA;NA
445288;1880;1;NA;NA;NA;NA;NA;NA;NA;NA;NA;NA;NA;NA
890900;1845;1;Tjenestekarl;NA;62120;NA;NA;NA;NA;Farm Servant;NA;NA;NA;NA
1174626;1901;1;NA;Husmoder;NA;NA;NA;NA;NA;NA;NA;NA;NA;NA
147070;1880;1;NA;deres BÃ¸rn;NA;NA;NA;NA;NA;NA;NA;NA;NA;NA
2188146;1901;1;NA;Barn;NA;NA;NA;NA;NA;NA;NA;NA;NA;NA
402277;1840;1;hendes SÃ¸n, SÃ¸efarende;NA;98135;NA;NA;NA;NA;Seaman, Able or Ordinary;NA;NA;NA;NA
885932;1901;1;NA;Barn;NA;NA;NA;NA;NA;NA;NA;NA;NA;NA
948808;1845;0;ihre Kinder;NA;98135;NA;NA;NA;NA;Seaman, Able or Ordinary;NA;NA;NA;NA
893508;1880;1;NA;Deres Barn;NA;NA;NA;NA;NA;NA;NA;NA;NA;NA
43130;1901;1;Agerbrug;Husfader;61110;NA;NA;NA;NA;General Farmer;NA;NA;NA;NA
555660;1787;1;NA;tjenestefolk;62120;NA;NA;NA;NA;Farm Servant;NA;NA;NA;NA
448440;1801;1;Bonde og GÃ¥rdbeboer;Husbond;61110;NA;NA;NA;NA;General Farmer;NA;NA;NA;NA
1030986;1840;1;hans Kone, VÃ¦verske;NA;75400;NA;NA;NA;NA;Weaver, Specialisation Unknown;NA;NA;NA;NA
749349;1850;1;Tjenestefolk;NA;62120;NA;NA;NA;NA;Farm Servant;NA;NA;NA;NA
70412;1880;1;NA;Tjenestekarl;62120;NA;NA;NA;NA;Farm Servant;NA;NA;NA;NA
193848;1787;1;Snedker Mester;Hosbond;81000;NA;NA;NA;NA;Woodworker, Specialisation Unknown;NA;NA;NA;NA
1126371;1840;1;AftÃ¦gtsmand, Inderste;NA;NA;NA;NA;NA;NA;NA;NA;NA;NA;NA
1675643;1860;1;NA;AftÃ¦gtskone;NA;NA;NA;NA;NA;NA;NA;NA;NA;NA
1833430;1880;1;NA;Tjenestepige;62120;NA;NA;NA;NA;Farm Servant;NA;NA;NA;NA
33770;1787;1;NA;af 1ste Ã¦gteskab;NA;NA;NA;NA;NA;NA;NA;NA;NA;NA
908923;1834;1;Deres barn;NA;NA;NA;NA;NA;NA;NA;NA;NA;NA;NA
622972;1840;1;Jomfru;NA;54020;NA;NA;NA;NA;House Servant;NA;NA;NA;NA
1917947;1901;1;SkomagerlÃ¦rling;Barn;80110;NA;NA;NA;NA;Shoemaker, General;NA;NA;NA;NA
994769;1834;1;hans Kone;NA;NA;NA;NA;NA;NA;NA;NA;NA;NA;NA
107016;1787;1;Husmand og betler;Mand;62105;NA;NA;NA;NA;FarmWorker, General;NA;NA;NA;NA
799492;1840;1;deres BÃ¸rn;NA;NA;NA;NA;NA;NA;NA;NA;NA;NA;NA
240467;1787;1;LÃ¦re Dreng;NA;99900;NA;NA;NA;NA;Worker, No Further Information;NA;NA;NA;NA
452345;1845;1;Tjenestefolk.;NA;62120;NA;NA;NA;NA;Farm Servant;NA;NA;NA;NA
920573;1850;1;Tjenestefolk;NA;62120;NA;NA;NA;NA;Farm Servant;NA;NA;NA;NA
779391;1840;1;hendes BÃ¸rn;NA;NA;NA;NA;NA;NA;NA;NA;NA;NA;NA
372954;1834;1;hans kone;NA;NA;NA;NA;NA;NA;NA;NA;NA;NA;NA
84949;1860;1;NA;Deres Barn;NA;NA;NA;NA;NA;NA;NA;NA;NA;NA
510178;1860;1;NA;Tjenestepige;62120;NA;NA;NA;NA;Farm Servant;NA;NA;NA;NA
1671741;1880;1;NA;Lerling;99900;NA;NA;NA;NA;Worker, No Further Information;NA;NA;NA;NA
859070;1901;1;NA;Husmoder;NA;NA;NA;NA;NA;NA;NA;NA;NA;NA
772172;1860;1;NA;Deres Barn;NA;NA;NA;NA;NA;NA;NA;NA;NA;NA
129276;1834;1;Tjenestefolk;NA;62120;NA;NA;NA;NA;Farm Servant;NA;NA;NA;NA
2380887;1901;1;Lever af alderdomsunderstÃ¸ttelse;Husfader;NA;NA;NA;NA;NA;NA;NA;NA;NA;NA
786810;1860;1;NA;Deres Barn;NA;NA;NA;NA;NA;NA;NA;NA;NA;NA
880656;1840;1;hans kone,spinderske;NA;75220;NA;NA;NA;NA;Spinner, Thread and Yarn;NA;NA;NA;NA
125710;1845;1;fattig Almisselemmer;NA;NA;NA;NA;NA;NA;NA;NA;NA;NA;NA
733500;1801;1;fÃ¦ste - huusmand med jord;mand;61115;NA;NA;NA;NA;Small Subsistence Farmer (Husbandman);NA;NA;NA;NA
2450206;1901;1;TogfÃ¸rer;Husfader;98320;NA;NA;NA;NA;Railway Engine Driver;NA;NA;NA;NA
84189;1901;1;NA;Datter;NA;NA;NA;NA;NA;NA;NA;NA;NA;NA
1287871;1850;1;deres BÃ¸rn;NA;NA;NA;NA;NA;NA;NA;NA;NA;NA;NA
2139461;1901;1;NA;Barn;NA;NA;NA;NA;NA;NA;NA;NA;NA;NA
192240;1901;1;NA;Tjenestetyende;62120;NA;NA;NA;NA;Farm Servant;NA;NA;NA;NA
532997;1901;1;NA;Barn;NA;NA;NA;NA;NA;NA;NA;NA;NA;NA
1334699;1845;1;Hendes bÃ¸rn;NA;NA;NA;NA;NA;NA;NA;NA;NA;NA;NA
1023945;1845;1;Deres BÃ¸rn;NA;NA;NA;NA;NA;NA;NA;NA;NA;NA;NA
2318980;1901;1;gaardmand;husfader;61110;NA;NA;NA;NA;General Farmer;NA;NA;NA;NA
130291;1860;1;NA;Hans Kone;NA;NA;NA;NA;NA;NA;NA;NA;NA;NA
412675;1860;1;NA;Tjenestekarl;62120;NA;NA;NA;NA;Farm Servant;NA;NA;NA;NA
935233;1840;1;barn;NA;NA;NA;NA;NA;NA;NA;NA;NA;NA;NA
1399341;1860;1;NA;deres BÃ¸rn;NA;NA;NA;NA;NA;NA;NA;NA;NA;NA
851767;1801;1;NA;Hans datter af sidste Ã¦gteskab;NA;NA;NA;NA;NA;NA;NA;NA;NA;NA
357971;1901;1;NA;Tyende;62120;NA;NA;NA;NA;Farm Servant;NA;NA;NA;NA
215700;1845;1;Lever af sin jordlod;NA;61115;NA;NA;NA;NA;Small Subsistence Farmer (Husbandman);NA;NA;NA;NA
789471;1845;1;VÃ¦verlÃ¦rling;NA;75400;NA;NA;NA;NA;Weaver, Specialisation Unknown;NA;NA;NA;NA
2181435;1901;1;NA;Plejedatter;NA;NA;NA;NA;NA;NA;NA;NA;NA;NA
1441337;1901;1;NA;Husmoder;NA;NA;NA;NA;NA;NA;NA;NA;NA;NA
243742;1787;1;NA;Madmoder;61110;NA;NA;NA;NA;General Farmer;NA;NA;NA;NA
227127;1850;1;Tjenestekarl;NA;62120;NA;NA;NA;NA;Farm Servant;NA;NA;NA;NA
109762;1801;1;Personel capellan;Deres barn;14120;NA;NA;NA;NA;Minister of Religion;NA;NA;NA;NA
202826;1801;1;Canoner i TÃ¸yhuus Compagnie;Huusbond;58340;NA;NA;NA;NA;Other Military Ranks;NA;NA;NA;NA
445032;1901;1;Stud. jur. uden artium;SlÃ¦gtning;NA;NA;NA;NA;NA;NA;NA;NA;NA;NA
147598;1860;1;NA;Syr for folk;79510;NA;NA;NA;NA;Hand and Machine Sewer, General;NA;NA;NA;NA
304546;1801;1;NA;Tienestefolk [JÃ¸rgen Madsen Kappel og Ane Pedersdatter];62120;NA;NA;NA;NA;Farm Servant;NA;NA;NA;NA
153277;1850;1;deres barn;NA;NA;NA;NA;NA;NA;NA;NA;NA;NA;NA
695711;1860;1;NA;vÃ¦ver, huusfader;75400;NA;NA;NA;NA;Weaver, Specialisation Unknown;NA;NA;NA;NA
1298023;1845;1;Deres bÃ¸rn;NA;NA;NA;NA;NA;NA;NA;NA;NA;NA;NA
1791831;1880;1;NA;Tjenestedreng;62120;NA;NA;NA;NA;Farm Servant;NA;NA;NA;NA
939549;1834;1;FÃ¦stegaardmand;NA;61110;NA;NA;NA;NA;General Farmer;NA;NA;NA;NA
462713;1901;1;Ã˜ltapper;Husfader;97152;NA;NA;NA;NA;Packer, Hand or Machine;NA;NA;NA;NA
1030136;1850;1;Kone;NA;NA;NA;NA;NA;NA;NA;NA;NA;NA;NA
779931;1901;1;Bogbinder;Husfader;92625;NA;NA;NA;NA;Bookbinder (Hand or Machine);NA;NA;NA;NA
106535;1787;1;NA;Tienestefolk;62120;NA;NA;NA;NA;Farm Servant;NA;NA;NA;NA
872655;1801;1;NA;Deres barn;NA;NA;NA;NA;NA;NA;NA;NA;NA;NA
59731;1845;1;deres BÃ¸rn;NA;NA;NA;NA;NA;NA;NA;NA;NA;NA;NA
134542;1801;1;huusmand med jord;mand;61115;NA;NA;NA;NA;Small Subsistence Farmer (Husbandman);NA;NA;NA;NA
540154;1787;1;er krÃ¸bling og lever af almisse;NA;NA;NA;NA;NA;NA;NA;NA;NA;NA;NA
365039;1801;1;LandvÃ¦rnsmand;Tjenestefolk;NA;NA;NA;NA;NA;NA;NA;NA;NA;NA
154615;1860;1;NA;Kone;NA;NA;NA;NA;NA;NA;NA;NA;NA;NA
833497;1860;1;NA;[tjenestekarl];62120;NA;NA;NA;NA;Farm Servant;NA;NA;NA;NA
392158;1845;1;Hans Kone;NA;NA;NA;NA;NA;NA;NA;NA;NA;NA;NA
170159;1845;1;hans kone;NA;NA;NA;NA;NA;NA;NA;NA;NA;NA;NA
306601;1834;1;Gaardmandsenke;NA;NA;NA;NA;NA;NA;NA;NA;NA;NA;NA
78976;1787;1;NA;Tienestefolk;62120;NA;NA;NA;NA;Farm Servant;NA;NA;NA;NA
290876;1860;1;NA;Tjenestepige;62120;NA;NA;NA;NA;Farm Servant;NA;NA;NA;NA
1026138;1880;1;NA;deres bÃ¸rn;NA;NA;NA;NA;NA;NA;NA;NA;NA;NA
1036261;1901;1;NA;Husmoder;NA;NA;NA;NA;NA;NA;NA;NA;NA;NA
1305829;1850;1;hans kone;NA;NA;NA;NA;NA;NA;NA;NA;NA;NA;NA
1699131;1901;1;NA;Husmoder;NA;NA;NA;NA;NA;NA;NA;NA;NA;NA
1104678;1880;1;NA;Indsidderske, ErnÃ¦rer sig ved at binde fejekoste og gulvmÃ¥tter;75500;NA;NA;NA;NA;Knitter, Specialisation Unknown;NA;NA;NA;NA
1950262;1880;1;NA;Husmand;62105;NA;NA;NA;NA;FarmWorker, General;NA;NA;NA;NA
953029;1840;1;Tjenestefolk;NA;62120;NA;NA;NA;NA;Farm Servant;NA;NA;NA;NA
679451;1850;1;Daglejer;NA;99920;NA;NA;NA;NA;DayLabourer;NA;NA;NA;NA
1060144;1850;1;deres BÃ¸rn;NA;NA;NA;NA;NA;NA;NA;NA;NA;NA;NA
2383069;1901;1;NA;AftÃ¦gtskone;NA;NA;NA;NA;NA;NA;NA;NA;NA;NA
1172711;1901;1;NA;Husbestyrerinde;22430;NA;NA;NA;NA;Housekeeper (Private Service);NA;NA;NA;NA
1356223;1850;1;Tjenestefolk;NA;62120;NA;NA;NA;NA;Farm Servant;NA;NA;NA;NA
109899;1845;1;lever af Almisse;NA;NA;NA;NA;NA;NA;NA;NA;NA;NA;NA
561164;1850;1;Hendes barn;NA;NA;NA;NA;NA;NA;NA;NA;NA;NA;NA
537896;1840;1;Barn [Axel Mine Pedersdatter];NA;NA;NA;NA;NA;NA;NA;NA;NA;NA;NA
197855;1801;1;Matros i 2 Division 4 Compagnie;Husbonde;98135;NA;NA;NA;NA;Seaman, Able or Ordinary;NA;NA;NA;NA
924568;1840;1;deres BÃ¸rn;NA;NA;NA;NA;NA;NA;NA;NA;NA;NA;NA
1716020;1901;1;Landbrug;Husfader;61110;NA;NA;NA;NA;General Farmer;NA;NA;NA;NA
160556;1850;1;deres bÃ¸rn;NA;NA;NA;NA;NA;NA;NA;NA;NA;NA;NA
202374;1845;1;Hans Hustru;NA;NA;NA;NA;NA;NA;NA;NA;NA;NA;NA
1263420;1901;1;Daglejer??;Husfader;99920;NA;NA;NA;NA;DayLabourer;NA;NA;NA;NA
1559432;1860;1;NA;Almisselem. under FattigvÃ¦senets forsÃ¸rgelse;NA;NA;NA;NA;NA;NA;NA;NA;NA;NA
1677938;1880;1;Ophold hos moderen. Lever af skrÃ¦dderprofessionen;Ophold hos moderen. Lever af skrÃ¦dderprofessionen;79100;NA;NA;NA;NA;Tailor, Specialisation Unknown;NA;NA;NA;NA
1976744;1880;1;Husfader, Arbeidsmd. Ved Havnen;NA;99900;NA;NA;NA;NA;Worker, No Further Information;NA;NA;NA;NA
411638;1860;1;NA;Husmoder. Indsidder;NA;NA;NA;NA;NA;NA;NA;NA;NA;NA
1109200;1880;1;NA;Pleiebarn;NA;NA;NA;NA;NA;NA;NA;NA;NA;NA
337267;1801;1;Bonde og Gaardbeb:;Hosbonde;61110;NA;NA;NA;NA;General Farmer;NA;NA;NA;NA
454357;1787;1;NA;Deres Datter;NA;NA;NA;NA;NA;NA;NA;NA;NA;NA
1429894;1845;1;lever af sin jord;NA;61115;NA;NA;NA;NA;Small Subsistence Farmer (Husbandman);NA;NA;NA;NA
1612735;1860;1;NA;BaadfÃ¸rer;98190;NA;NA;NA;NA;Other Ships' Deck Ratings, Barge Crews and Boatmen;NA;NA;NA;NA
978247;1850;1;Deres BÃ¸rn;NA;NA;NA;NA;NA;NA;NA;NA;NA;NA;NA
175772;1787;0;Betlerske;Til huse;NA;NA;NA;NA;NA;NA;NA;NA;NA;NA
542910;1850;0;MÃ¸llebygger Deres bÃ¸rn;NA;84970;NA;NA;NA;NA;Plant Maintenance Mechanic;NA;NA;NA;NA
672978;1850;1;Deres barn;NA;NA;NA;NA;NA;NA;NA;NA;NA;NA;NA
113097;1845;0;ihre Sohn;NA;98135;NA;NA;NA;NA;Seaman, Able or Ordinary;NA;NA;NA;NA
2421317;1901;1;NA;Husmoder;NA;NA;NA;NA;NA;NA;NA;NA;NA;NA
1328289;1901;0;Forpagter;Husfader;61110;NA;NA;NA;NA;General Farmer;NA;NA;NA;NA
1369124;1845;1;Avlskarl;NA;62120;NA;NA;NA;NA;Farm Servant;NA;NA;NA;NA
190257;1801;1;Musqueteer;Musqueteer;58340;NA;NA;NA;NA;Other Military Ranks;NA;NA;NA;NA
814018;1850;1;deres Datter, SkrÃ¦dder;NA;79100;NA;NA;NA;NA;Tailor, Specialisation Unknown;NA;NA;NA;NA
1061678;1880;1;NA;Deres Barn;NA;NA;NA;NA;NA;NA;NA;NA;NA;NA
214170;1880;1;NA;} BÃ¸rn;NA;NA;NA;NA;NA;NA;NA;NA;NA;NA
172051;1850;1;AftÃ¦gtsmand, der af ham ForsÃ¸rges [Laurs JÃ¸rgensen og Maren Mortensdatter];NA;NA;NA;NA;NA;NA;NA;NA;NA;NA;NA
732229;1901;0;Blomsterforretning;Datter;79990;NA;NA;NA;NA;Other Tailors, Dressmakers, Sewers, Upholsterers and Related Workers;NA;NA;NA;NA
304601;1840;1;lever af Haandarbeide;NA;75000;NA;NA;NA;NA;Spinners, Weavers, Knitters, Dyers and Related Workers, Specialisation Unknown;NA;NA;NA;NA
608598;1840;1;Gaardmand;NA;61110;NA;NA;NA;NA;General Farmer;NA;NA;NA;NA
617108;1901;1;NA;Husmoder;NA;NA;NA;NA;NA;NA;NA;NA;NA;NA
539621;1860;1;NA;Deres Barn;NA;NA;NA;NA;NA;NA;NA;NA;NA;NA
1303950;1860;1;NA;huusmand, smed, huusfader;62105;83110;NA;NA;NA;FarmWorker, General;Blacksmith, General;NA;NA;NA
330130;1860;1;NA;Tjenestepige;62120;NA;NA;NA;NA;Farm Servant;NA;NA;NA;NA
846089;1840;1;Sognefoged;NA;20210;NA;NA;NA;NA;Government Administrator;NA;NA;NA;NA
1614238;1901;1;NA;Husmoder;NA;NA;NA;NA;NA;NA;NA;NA;NA;NA
1077508;1850;1;Husfader, Indsidder, Dagleier;NA;99920;NA;NA;NA;NA;DayLabourer;NA;NA;NA;NA
41646;1880;1;NA;Sypige, Deres Barn;79510;NA;NA;NA;NA;Hand and Machine Sewer, General;NA;NA;NA;NA
739;1845;1;deres barn;NA;NA;NA;NA;NA;NA;NA;NA;NA;NA;NA
1527974;1860;1;NA;hans kone;NA;NA;NA;NA;NA;NA;NA;NA;NA;NA
104478;1787;1;NA;Hendes bÃ¸rn af fÃ¸rste Ã¦gteskab;NA;NA;NA;NA;NA;NA;NA;NA;NA;NA
692653;1860;1;NA;hans Kone;NA;NA;NA;NA;NA;NA;NA;NA;NA;NA
432391;1787;1;Hos ForÃ¦ldrene;NA;NA;NA;NA;NA;NA;NA;NA;NA;NA;NA
1321289;1901;1;FatttighjÃ¦lp. Daglejerarbejde ved Landbruget. Husflid;Husmoder;99920;NA;NA;NA;NA;DayLabourer;NA;NA;NA;NA
345758;1860;1;NA;Tjenestepige;62120;NA;NA;NA;NA;Farm Servant;NA;NA;NA;NA
494682;1860;1;NA;.fungerende Oldfrue;22460;NA;NA;NA;NA;Housekeeping Matron;NA;NA;NA;NA
850651;1850;1;Hans kone;NA;NA;NA;NA;NA;NA;NA;NA;NA;NA;NA
1065241;1880;1;NA;Deres Barn;NA;NA;NA;NA;NA;NA;NA;NA;NA;NA
941133;1840;1;Malkepige;NA;62120;NA;NA;NA;NA;Farm Servant;NA;NA;NA;NA
866120;1880;1;NA;Husfaderens Broder, Arbeider i Landbrug;99900;NA;NA;NA;NA;Worker, No Further Information;NA;NA;NA;NA
1937791;1880;1;NA;Indsidder og Dagleier;99920;NA;NA;NA;NA;DayLabourer;NA;NA;NA;NA
1687454;1901;1;Gaardejer;Husmoder;61110;NA;NA;NA;NA;General Farmer;NA;NA;NA;NA
1091857;1840;1;deres BÃ¸rn;NA;NA;NA;NA;NA;NA;NA;NA;NA;NA;NA
305810;1834;1;Hendes Barn;NA;NA;NA;NA;NA;NA;NA;NA;NA;NA;NA
1138043;1901;1;NA;Husmoder;NA;NA;NA;NA;NA;NA;NA;NA;NA;NA
1790963;1901;1;NA;Tyende;62120;NA;NA;NA;NA;Farm Servant;NA;NA;NA;NA
207121;1840;1;deres Datter Datter;NA;NA;NA;NA;NA;NA;NA;NA;NA;NA;NA
1576402;1901;1;NA;Barn;NA;NA;NA;NA;NA;NA;NA;NA;NA;NA
605982;1787;1;NA;Tienestefolk;62120;NA;NA;NA;NA;Farm Servant;NA;NA;NA;NA
691078;1860;1;NA;hans kone;NA;NA;NA;NA;NA;NA;NA;NA;NA;NA
565127;1840;1;deres bÃ¸rn;NA;NA;NA;NA;NA;NA;NA;NA;NA;NA;NA
502406;1901;1;NA;Barn;NA;NA;NA;NA;NA;NA;NA;NA;NA;NA
805693;1834;1;Datter;NA;NA;NA;NA;NA;NA;NA;NA;NA;NA;NA
981161;1834;1;hans Kone;NA;NA;NA;NA;NA;NA;NA;NA;NA;NA;NA
174728;1787;1;NA;Madmoder;61110;NA;NA;NA;NA;General Farmer;NA;NA;NA;NA
426152;1901;1;Syerske;Logerende;79510;NA;NA;NA;NA;Hand and Machine Sewer, General;NA;NA;NA;NA
1860269;1901;1;Tjenestepige;NA;62120;NA;NA;NA;NA;Farm Servant;NA;NA;NA;NA
687972;1801;1;NA;Tjenestefolk;62120;NA;NA;NA;NA;Farm Servant;NA;NA;NA;NA
716122;1850;1;deres BÃ¸rn;NA;NA;NA;NA;NA;NA;NA;NA;NA;NA;NA
1186981;1850;1;Deres bÃ¸rn;NA;NA;NA;NA;NA;NA;NA;NA;NA;NA;NA
996909;1834;1;hendes Mand tjener, Dagleier;NA;99920;NA;NA;NA;NA;DayLabourer;NA;NA;NA;NA
2107909;1901;1;Droskeeier;Husfader;41020;NA;NA;NA;NA;Working Proprietor (Wholesale Trade);NA;NA;NA;NA
222959;1901;1;NA;Barn;NA;NA;NA;NA;NA;NA;NA;NA;NA;NA
76660;1845;1;Deres BÃ¸rn;NA;NA;NA;NA;NA;NA;NA;NA;NA;NA;NA
419331;1850;0;af 1ste jÃ¦gercorps;NA;NA;NA;NA;NA;NA;NA;NA;NA;NA;NA
1073560;1880;1;NA;Pleiedatter;NA;NA;NA;NA;NA;NA;NA;NA;NA;NA
593912;1801;0;Huusmand og Fisker samt SÃ¸elimit med jord.;Mand;61115;62105;NA;NA;NA;Small Subsistence Farmer (Husbandman);FarmWorker, General;NA;NA;NA
694362;1787;1;Spinder;hans kone;75220;NA;NA;NA;NA;Spinner, Thread and Yarn;NA;NA;NA;NA
283479;1845;1;Kgl: Pensionist;NA;NA;NA;NA;NA;NA;NA;NA;NA;NA;NA
1587479;1880;1;NA;SÃ¸n;NA;NA;NA;NA;NA;NA;NA;NA;NA;NA
1221662;1850;1;deres Barn;NA;NA;NA;NA;NA;NA;NA;NA;NA;NA;NA
270543;1840;1;Grovsmedsvend;NA;83110;NA;NA;NA;NA;Blacksmith, General;NA;NA;NA;NA
299638;1901;1;NA;Tjenestetyende;62120;NA;NA;NA;NA;Farm Servant;NA;NA;NA;NA
586863;1860;1;NA;Tjenestefolk;62120;NA;NA;NA;NA;Farm Servant;NA;NA;NA;NA
1332938;1880;1;NA;AftÃ¦gtskone;NA;NA;NA;NA;NA;NA;NA;NA;NA;NA
1258318;1850;1;Gaardmand;NA;61110;NA;NA;NA;NA;General Farmer;NA;NA;NA;NA
1457801;1901;1;NA;Barn;NA;NA;NA;NA;NA;NA;NA;NA;NA;NA
798204;1845;1;SogneprÃ¦st;NA;14120;NA;NA;NA;NA;Minister of Religion;NA;NA;NA;NA
751686;1801;1;NA;hans bÃ¸rn;NA;NA;NA;NA;NA;NA;NA;NA;NA;NA
94683;1840;1;hans Kone;NA;NA;NA;NA;NA;NA;NA;NA;NA;NA;NA
641012;1880;1;NA;deres Barn;NA;NA;NA;NA;NA;NA;NA;NA;NA;NA
173637;1801;1;Stolemagersv.;Huusbond;95470;NA;NA;NA;NA;Bench Carpenter;NA;NA;NA;NA
209877;1860;1;NA;Pleiebarn;NA;NA;NA;NA;NA;NA;NA;NA;NA;NA
633953;1860;1;NA;deres datter;NA;NA;NA;NA;NA;NA;NA;NA;NA;NA
2409063;1901;1;Husbestyre;Husmoder;22430;NA;NA;NA;NA;Housekeeper (Private Service);NA;NA;NA;NA
617938;1801;1;Bonde og gaardbeboer;Hosbonde;61110;NA;NA;NA;NA;General Farmer;NA;NA;NA;NA
742460;1840;1;Tjenestedreng;NA;62120;NA;NA;NA;NA;Farm Servant;NA;NA;NA;NA
214192;1901;1;Husmand ved agerbrug;Husfader;62105;NA;NA;NA;NA;FarmWorker, General;NA;NA;NA;NA
161759;1880;1;NA;hans Hustru;NA;NA;NA;NA;NA;NA;NA;NA;NA;NA
374573;1801;1;NA;Hans kone;NA;NA;NA;NA;NA;NA;NA;NA;NA;NA
1273152;1845;1;Spinderske;NA;75220;NA;NA;NA;NA;Spinner, Thread and Yarn;NA;NA;NA;NA
1037630;1860;1;NA;hans Kone;NA;NA;NA;NA;NA;NA;NA;NA;NA;NA
199873;1880;1;NA;deres BÃ¸rn;NA;NA;NA;NA;NA;NA;NA;NA;NA;NA
366710;1901;1;TÃ¸mrersvend;Husfader;95410;NA;NA;NA;NA;Carpenter, General;NA;NA;NA;NA
4904;1787;1;Spinder tÃ¸j;Enke;75220;NA;NA;NA;NA;Spinner, Thread and Yarn;NA;NA;NA;NA
364642;1901;1;NA;Husmoder;NA;NA;NA;NA;NA;NA;NA;NA;NA;NA
1164092;1840;1;deres BÃ¸rn;NA;NA;NA;NA;NA;NA;NA;NA;NA;NA;NA
1680219;1880;1;NA;Tjenestefolk;62120;NA;NA;NA;NA;Farm Servant;NA;NA;NA;NA
1692698;1880;1;NA;SÃ¸n af Niels J. SpÃ¸r, Matros;98135;NA;NA;NA;NA;Seaman, Able or Ordinary;NA;NA;NA;NA
781122;1845;1;deres barn;NA;NA;NA;NA;NA;NA;NA;NA;NA;NA;NA
62054;1834;1;Deres BÃ¸rn;NA;NA;NA;NA;NA;NA;NA;NA;NA;NA;NA
1550843;1860;1;NA;Husmand;62105;NA;NA;NA;NA;FarmWorker, General;NA;NA;NA;NA
1042262;1834;1;Deres sÃ¸n;NA;NA;NA;NA;NA;NA;NA;NA;NA;NA;NA
992145;1845;1;deres barn;NA;NA;NA;NA;NA;NA;NA;NA;NA;NA;NA
1658282;1880;1;NA;Tjenestefolk;62120;NA;NA;NA;NA;Farm Servant;NA;NA;NA;NA
144814;1901;1;NA;Barn;NA;NA;NA;NA;NA;NA;NA;NA;NA;NA
2029724;1901;1;AlderdomsunderstÃ¸ttelse;Husfader;NA;NA;NA;NA;NA;NA;NA;NA;NA;NA
2161693;1901;1;Husgjerning;Barn;22430;NA;NA;NA;NA;Housekeeper (Private Service);NA;NA;NA;NA
1184018;1845;1;Tjenestekarl;NA;62120;NA;NA;NA;NA;Farm Servant;NA;NA;NA;NA
539623;1880;1;PrivatvÃ¦gter;Husfader;58940;NA;NA;NA;NA;Watchman;NA;NA;NA;NA
1402294;1860;1;NA;Deres Barn;NA;NA;NA;NA;NA;NA;NA;NA;NA;NA
652276;1880;1;NA;Husfader, Skipper;4217;NA;NA;NA;NA;Ship's Master (Sea or Inland Waterways);NA;NA;NA;NA
412660;1901;1;Syerske;Datter;79510;NA;NA;NA;NA;Hand and Machine Sewer, General;NA;NA;NA;NA
87531;1880;1;NA;Hans Hustru;NA;NA;NA;NA;NA;NA;NA;NA;NA;NA
2309544;1901;1;NA;barn;NA;NA;NA;NA;NA;NA;NA;NA;NA;NA
1727261;1860;1;NA;[sÃ¸n], Snedker;81000;NA;NA;NA;NA;Woodworker, Specialisation Unknown;NA;NA;NA;NA
857364;1840;1;deres PleiesÃ¸n;NA;NA;NA;NA;NA;NA;NA;NA;NA;NA;NA
305227;1834;1;FrÃ¸ken. Francaice.;NA;NA;NA;NA;NA;NA;NA;NA;NA;NA;NA
722866;1880;1;NA;TeglbrÃ¦nder;89240;NA;NA;NA;NA;Brick and Tile Moulder (Hand);NA;NA;NA;NA
301553;1850;1;har tjent;NA;62120;NA;NA;NA;NA;Farm Servant;NA;NA;NA;NA
405063;1860;1;NA;deres Barn;NA;NA;NA;NA;NA;NA;NA;NA;NA;NA
554735;1840;1;Plejebarn under FattigvÃ¦snet;NA;NA;NA;NA;NA;NA;NA;NA;NA;NA;NA
448669;1901;1;NA;Datter;NA;NA;NA;NA;NA;NA;NA;NA;NA;NA
1399425;1845;1;Deres tjenestefolk;NA;62120;NA;NA;NA;NA;Farm Servant;NA;NA;NA;NA
1225932;1860;1;NA;Deres Barn;NA;NA;NA;NA;NA;NA;NA;NA;NA;NA
732645;1901;1;NA;Husmoder;NA;NA;NA;NA;NA;NA;NA;NA;NA;NA
576382;1880;1;SÃ¸n;NA;NA;NA;NA;NA;NA;NA;NA;NA;NA;NA
646017;1880;1;NA;hans kone;NA;NA;NA;NA;NA;NA;NA;NA;NA;NA
777431;1834;1;Pleiebarn;NA;NA;NA;NA;NA;NA;NA;NA;NA;NA;NA
130803;1845;1;hans Kone;NA;NA;NA;NA;NA;NA;NA;NA;NA;NA;NA
860263;1834;1;hendes Barn;NA;NA;NA;NA;NA;NA;NA;NA;NA;NA;NA
500528;1880;1;af sine midler;husmoder;NA;NA;NA;NA;NA;NA;NA;NA;NA;NA
1112309;1860;1;NA;Tjenestefolk;62120;NA;NA;NA;NA;Farm Servant;NA;NA;NA;NA
1021397;1834;1;Hans Kone;NA;NA;NA;NA;NA;NA;NA;NA;NA;NA;NA
1105503;1834;1;deres BÃ¸rn;NA;NA;NA;NA;NA;NA;NA;NA;NA;NA;NA
141845;1901;1;NA;SÃ¸n;NA;NA;NA;NA;NA;NA;NA;NA;NA;NA
28459;1850;1;hans Kone;NA;NA;NA;NA;NA;NA;NA;NA;NA;NA;NA
535818;1834;1;Tjenestefolk;NA;62120;NA;NA;NA;NA;Farm Servant;NA;NA;NA;NA
953459;1850;1;Deres bÃ¸rn;NA;NA;NA;NA;NA;NA;NA;NA;NA;NA;NA
490616;1845;1;Deres BÃ¸rn;NA;NA;NA;NA;NA;NA;NA;NA;NA;NA;NA
2238844;1901;1;NA;Barn;NA;NA;NA;NA;NA;NA;NA;NA;NA;NA
2056520;1901;1;Daglejer ved LandvÃ¦senet;Husfader;99920;NA;NA;NA;NA;DayLabourer;NA;NA;NA;NA
99453;1840;1;Deres barn;NA;NA;NA;NA;NA;NA;NA;NA;NA;NA;NA
383662;1850;1;deres bÃ¸rn;NA;NA;NA;NA;NA;NA;NA;NA;NA;NA;NA
706427;1850;1;Indsidder. Dagleier;NA;99920;NA;NA;NA;NA;DayLabourer;NA;NA;NA;NA
1225600;1860;1;NA;Hans Kone;NA;NA;NA;NA;NA;NA;NA;NA;NA;NA
1968358;1880;1;Deres SÃ¸n;NA;NA;NA;NA;NA;NA;NA;NA;NA;NA;NA
397500;1860;1;NA;deres Datter;NA;NA;NA;NA;NA;NA;NA;NA;NA;NA
1354306;1850;1;GaardfÃ¦ster, Huusfader;NA;61110;NA;NA;NA;NA;General Farmer;NA;NA;NA;NA
1771166;1901;1;NA;SÃ¸n;NA;NA;NA;NA;NA;NA;NA;NA;NA;NA
1734934;1880;1;NA;SÃ¸n;NA;NA;NA;NA;NA;NA;NA;NA;NA;NA
1377706;1860;1;NA;Hans bÃ¸rn. hendes stedbÃ¸rn;NA;NA;NA;NA;NA;NA;NA;NA;NA;NA
1210136;1860;1;NA;Deres Barn;NA;NA;NA;NA;NA;NA;NA;NA;NA;NA
747452;1787;1;NA;tienestedreng;62120;NA;NA;NA;NA;Farm Servant;NA;NA;NA;NA
556594;1840;1;deres barn;NA;NA;NA;NA;NA;NA;NA;NA;NA;NA;NA
225293;1801;0;VolontÃ¸r;NA;39310;NA;NA;NA;NA;Office Clerk, General;NA;NA;NA;NA
923857;1834;1;Deres BÃ¸rn;NA;NA;NA;NA;NA;NA;NA;NA;NA;NA;NA
553215;1787;1;NA;Hustruen;NA;NA;NA;NA;NA;NA;NA;NA;NA;NA
1107949;1840;1;Toldbetient;NA;31040;NA;NA;NA;NA;Customs officer;NA;NA;NA;NA
175133;1840;1;Gaardmand;NA;61110;NA;NA;NA;NA;General Farmer;NA;NA;NA;NA
436414;1840;1;deres BÃ¸rn [Lars Olsen og Maren Nielsen];NA;NA;NA;NA;NA;NA;NA;NA;NA;NA;NA
1104590;1901;1;NA;Husmoder;NA;NA;NA;NA;NA;NA;NA;NA;NA;NA
13514;1801;1;NA;NA;NA;NA;NA;NA;NA;NA;NA;NA;NA;NA
186256;1840;1;deres Datter;NA;NA;NA;NA;NA;NA;NA;NA;NA;NA;NA
1216991;1850;1;Pleiebarn;NA;NA;NA;NA;NA;NA;NA;NA;NA;NA;NA
329735;1834;1;tjenestefolk;NA;62120;NA;NA;NA;NA;Farm Servant;NA;NA;NA;NA
1737480;1860;1;NA;KjÃ¸bmand;41025;NA;NA;NA;NA;Working Proprietor (Wholesale or Retail Trade);NA;NA;NA;NA
296304;1850;1;bud ved Wartov;NA;37040;NA;NA;NA;NA;Messenger;NA;NA;NA;NA
1418963;1880;1;NA;hendes BÃ¸rn;NA;NA;NA;NA;NA;NA;NA;NA;NA;NA
1490362;1901;1;NA;Husmoder;NA;NA;NA;NA;NA;NA;NA;NA;NA;NA
1306562;1860;1;NA;gaardmand;61110;NA;NA;NA;NA;General Farmer;NA;NA;NA;NA
700958;1834;1;Deres barn;NA;NA;NA;NA;NA;NA;NA;NA;NA;NA;NA
61685;1801;1;NA;Hans Kone;NA;NA;NA;NA;NA;NA;NA;NA;NA;NA
1367165;1845;1;Gaardmand;NA;61110;NA;NA;NA;NA;General Farmer;NA;NA;NA;NA
1042525;1860;1;NA;Tjenestefolk;62120;NA;NA;NA;NA;Farm Servant;NA;NA;NA;NA
1714695;1860;1;NA;[deres datter];NA;NA;NA;NA;NA;NA;NA;NA;NA;NA
534793;1834;1;deres BÃ¸rn;NA;NA;NA;NA;NA;NA;NA;NA;NA;NA;NA
1663862;1901;1;Ingen sÃ¦rligt erhverv;Husmoder;NA;NA;NA;NA;NA;NA;NA;NA;NA;NA
98345;1901;1;NA;Barn;NA;NA;NA;NA;NA;NA;NA;NA;NA;NA
319171;1834;1;Skomagermester;NA;80110;NA;NA;NA;NA;Shoemaker, General;NA;NA;NA;NA
591965;1850;1;Hmd. med Jord, Huusfader;NA;61115;NA;NA;NA;NA;Small Subsistence Farmer (Husbandman);NA;NA;NA;NA
13042;1880;0;NA;GÃ¥rdejerens Fader, AftÃ¦gtsmand;61110;NA;NA;NA;NA;General Farmer;NA;NA;NA;NA
1583046;1860;1;NA;Deres Barn;NA;NA;NA;NA;NA;NA;NA;NA;NA;NA
1399998;1860;1;NA;deres BÃ¸rn;NA;NA;NA;NA;NA;NA;NA;NA;NA;NA
368148;1801;1;tjener forÃ¦ldrene;datter;62120;NA;NA;NA;NA;Farm Servant;NA;NA;NA;NA
849537;1834;1;Huusmand;NA;62105;NA;NA;NA;NA;FarmWorker, General;NA;NA;NA;NA
156133;1850;1;Deres bÃ¸rn;NA;NA;NA;NA;NA;NA;NA;NA;NA;NA;NA
955357;1901;1;Svagelig;Barn;NA;NA;NA;NA;NA;NA;NA;NA;NA;NA
1237792;1845;1;deres BÃ¸rn;NA;NA;NA;NA;NA;NA;NA;NA;NA;NA;NA
399493;1801;1;NA;hans kone;NA;NA;NA;NA;NA;NA;NA;NA;NA;NA
271788;1901;1;NA;SlÃ¦gtning;NA;NA;NA;NA;NA;NA;NA;NA;NA;NA
563575;1901;1;Detailhandel;Husmoder;41030;NA;NA;NA;NA;Working Proprietor (Retail Trade);NA;NA;NA;NA
1824638;1880;1;NA;deres Barn;NA;NA;NA;NA;NA;NA;NA;NA;NA;NA
147322;1801;1;NA;deres bÃ¸rn;NA;NA;NA;NA;NA;NA;NA;NA;NA;NA
173561;1901;1;Husmand;Husfader;62105;NA;NA;NA;NA;FarmWorker, General;NA;NA;NA;NA
357207;1850;1;deres Datter [Kirsten Christiansdatter];NA;NA;NA;NA;NA;NA;NA;NA;NA;NA;NA
384397;1901;1;-;Barn;NA;NA;NA;NA;NA;NA;NA;NA;NA;NA
219007;1801;1;g Peder Jensen;NA;NA;NA;NA;NA;NA;NA;NA;NA;NA;NA
1604311;1880;1;NA;Tjenestedreng;62120;NA;NA;NA;NA;Farm Servant;NA;NA;NA;NA
558745;1834;1;hans BÃ¸rn;NA;NA;NA;NA;NA;NA;NA;NA;NA;NA;NA
245612;1834;1;hans Kone;NA;NA;NA;NA;NA;NA;NA;NA;NA;NA;NA
202962;1801;1;NA;Kone;NA;NA;NA;NA;NA;NA;NA;NA;NA;NA
1234390;1880;1;NA;huusmoder. hans kone;NA;NA;NA;NA;NA;NA;NA;NA;NA;NA
2217625;1901;1;NA;Tyende;62120;NA;NA;NA;NA;Farm Servant;NA;NA;NA;NA
840711;1840;1;GaardfÃ¦ster;NA;61110;NA;NA;NA;NA;General Farmer;NA;NA;NA;NA
1336979;1901;1;Boelsmand;Husfader;61115;NA;NA;NA;NA;Small Subsistence Farmer (Husbandman);NA;NA;NA;NA
155821;1880;1;NA;Deres BÃ¸rn;NA;NA;NA;NA;NA;NA;NA;NA;NA;NA
556831;1850;1;hans kone;NA;NA;NA;NA;NA;NA;NA;NA;NA;NA;NA
142172;1840;1;Tjenestepige;NA;62120;NA;NA;NA;NA;Farm Servant;NA;NA;NA;NA
1318920;1901;1;NA;Barn;NA;NA;NA;NA;NA;NA;NA;NA;NA;NA
1461557;1901;1;NA;Datter;NA;NA;NA;NA;NA;NA;NA;NA;NA;NA
739082;1880;1;NA;hustru, husmoder;NA;NA;NA;NA;NA;NA;NA;NA;NA;NA
711246;1845;1;Hans datter;NA;NA;NA;NA;NA;NA;NA;NA;NA;NA;NA
1768634;1901;0;SÃ¦rligt erhverv, udfÃ¸rer husgerning for fremmede;Barn;NA;NA;NA;NA;NA;NA;NA;NA;NA;NA
801704;1840;1;Deres BÃ¸rn;NA;NA;NA;NA;NA;NA;NA;NA;NA;NA;NA
635783;1801;1;NA;Tieneste Pige;62120;NA;NA;NA;NA;Farm Servant;NA;NA;NA;NA
18503;1834;1;hendes BÃ¸rn;NA;NA;NA;NA;NA;NA;NA;NA;NA;NA;NA
1225774;1850;1;deres Barn;NA;NA;NA;NA;NA;NA;NA;NA;NA;NA;NA
19721;1860;1;NA;Deres SÃ¸n;NA;NA;NA;NA;NA;NA;NA;NA;NA;NA
489860;1834;1;deres Barn;NA;NA;NA;NA;NA;NA;NA;NA;NA;NA;NA
931511;1880;1;NA;Tjenestefolk;62120;NA;NA;NA;NA;Farm Servant;NA;NA;NA;NA
814181;1787;1;ArbeÃ¿dsmand;Hosbonde;99900;NA;NA;NA;NA;Worker, No Further Information;NA;NA;NA;NA
251302;1901;1;-;Barn;NA;NA;NA;NA;NA;NA;NA;NA;NA;NA
694067;1845;1;hans kone;NA;NA;NA;NA;NA;NA;NA;NA;NA;NA;NA
1236149;1860;1;NA;Pleiedatter;NA;NA;NA;NA;NA;NA;NA;NA;NA;NA
920812;1834;0;deren Kinder;NA;62120;NA;NA;NA;NA;Farm Servant;NA;NA;NA;NA
855813;1901;1;Smedesvend;Logerende;83110;NA;NA;NA;NA;Blacksmith, General;NA;NA;NA;NA
1265816;1850;1;deres BÃ¸rn;NA;NA;NA;NA;NA;NA;NA;NA;NA;NA;NA
2413750;1901;0;Husejer. Snedker;Husfader;62105;81000;NA;NA;NA;FarmWorker, General;Woodworker, Specialisation Unknown;NA;NA;NA
163109;1834;0;Huusmand med Jord, Rebslager;NA;75710;NA;NA;NA;NA;Rope Maker, General;NA;NA;NA;NA
820349;1840;1;deres BÃ¸rn;NA;NA;NA;NA;NA;NA;NA;NA;NA;NA;NA
386861;1860;1;NA;hans kone;NA;NA;NA;NA;NA;NA;NA;NA;NA;NA
633227;1787;1;Bonde og Grdbeboer;Hosbond;61110;NA;NA;NA;NA;General Farmer;NA;NA;NA;NA
1072299;1860;1;NA;Skomagersvend;80110;NA;NA;NA;NA;Shoemaker, General;NA;NA;NA;NA
891856;1901;1;NA;Barn;NA;NA;NA;NA;NA;NA;NA;NA;NA;NA
1345938;1901;1;NA;Barn;NA;NA;NA;NA;NA;NA;NA;NA;NA;NA
1799289;1901;1;Enepige;Tjenestepige;62120;NA;NA;NA;NA;Farm Servant;NA;NA;NA;NA
1044792;1845;1;deres bÃ¸rn;NA;NA;NA;NA;NA;NA;NA;NA;NA;NA;NA
203884;1880;1;Deres barn;Deres barn;NA;NA;NA;NA;NA;NA;NA;NA;NA;NA
1159041;1850;1;hans SÃ¸nner;NA;NA;NA;NA;NA;NA;NA;NA;NA;NA;NA
869194;1834;1;Deres bÃ¸rn;NA;NA;NA;NA;NA;NA;NA;NA;NA;NA;NA
752398;1901;1;NA;Husmoder;NA;NA;NA;NA;NA;NA;NA;NA;NA;NA
1054305;1901;1;Gaardejer;Husfader;61110;NA;NA;NA;NA;General Farmer;NA;NA;NA;NA
720653;1787;1;NA;Deres barn;NA;NA;NA;NA;NA;NA;NA;NA;NA;NA
454298;1880;1;NA;Tjenestepige;62120;NA;NA;NA;NA;Farm Servant;NA;NA;NA;NA
766326;1787;1;NA;Tieneste Folk;62120;NA;NA;NA;NA;Farm Servant;NA;NA;NA;NA
2180834;1901;1;Snekersvend;NA;81000;NA;NA;NA;NA;Woodworker, Specialisation Unknown;NA;NA;NA;NA
1093266;1880;1;NA;Deres barn;NA;NA;NA;NA;NA;NA;NA;NA;NA;NA
2131037;1901;1;NA;NA;NA;NA;NA;NA;NA;NA;NA;NA;NA;NA
236920;1880;1;NA;FattigvÃ¦senet, BÃ¸rn;NA;NA;NA;NA;NA;NA;NA;NA;NA;NA
2281156;1901;1;(-);Barn;NA;NA;NA;NA;NA;NA;NA;NA;NA;NA
520616;1850;1;Dagleier;NA;99920;NA;NA;NA;NA;DayLabourer;NA;NA;NA;NA
354349;1850;1;Smedesvend [Hans Jonasen og Cathrine Andersen];NA;83110;NA;NA;NA;NA;Blacksmith, General;NA;NA;NA;NA
236658;1801;1;NA;hendes Datter;NA;NA;NA;NA;NA;NA;NA;NA;NA;NA
